{
"type": "FeatureCollection",
"name": "distritos_riv_ide_wgs84",
"crs": { "type": "name", "properties": { "name": "urn:ogc:def:crs:OGC:1.3:CRS84" } },
"features": [
{ "type": "Feature", "properties": { "fid": 9, "departamen": "RIVADAVIA", "codigo_dep": "10", "distrito": "LOS HUARPES", "codigo_dis": "18", "globalid": "{B5E0A959-2745-4453-8039-5EA8CF685540}", "created_date": 1739199530000, "created_user": "ugdt_admin", "last_edited_date": 1739199530000, "last_edited_user": "ugdt_admin", "shape_Length": 139730.04435892421, "shape_Area": 1074972732.3459892 }, "geometry": { "type": "Polygon", "coordinates": [ [ [ -68.677628223232546, -33.245484016391302 ], [ -68.677654006677813, -33.245510642014636 ], [ -68.6776751584095, -33.245542244154791 ], [ -68.677695570827709, -33.24557413853406 ], [ -68.677715264593658, -33.245606256033724 ], [ -68.677734256775423, -33.245638529789119 ], [ -68.677752404540783, -33.245671080757056 ], [ -68.677769691720101, -33.245703990827387 ], [ -68.677786249467431, -33.245737202902021 ], [ -68.677802208038443, -33.245770664390626 ], [ -68.677817702180462, -33.245804321951738 ], [ -68.677832863047513, -33.245838119238776 ], [ -68.677847821793634, -33.245872002159167 ], [ -68.677862712267782, -33.245905917371616 ], [ -68.677877666522306, -33.24593981003239 ], [ -68.677892816609571, -33.245973625297843 ], [ -68.677908291886979, -33.246007308324415 ], [ -68.677924216322026, -33.246040811781477 ], [ -68.677939885635539, -33.246074469238536 ], [ -68.677955076146972, -33.246108375357046 ], [ -68.677970139097653, -33.246142358844423 ], [ -68.677985430220431, -33.246176246154519 ], [ -68.678001301654874, -33.246209862990277 ], [ -68.678018106438898, -33.246243035054775 ], [ -68.67803619761041, -33.246275588802739 ], [ -68.678055930902246, -33.246307351440286 ], [ -68.678077562334295, -33.246338217037902 ], [ -68.678100898768733, -33.246368308806332 ], [ -68.678125630286829, -33.246397754463985 ], [ -68.678151446969764, -33.2464266794751 ], [ -68.678178039797132, -33.24645520780129 ], [ -68.678205097951803, -33.246483465657768 ], [ -68.678232313311653, -33.24651157775704 ], [ -68.678259374161271, -33.246539670314064 ], [ -68.678286754811126, -33.246567380461471 ], [ -68.678316063245589, -33.246593722523009 ], [ -68.678346102908677, -33.246619560469277 ], [ -68.678375490394899, -33.246645881479353 ], [ -68.678403821462325, -33.246673028135142 ], [ -68.678431746491242, -33.246700578969573 ], [ -68.678459381364334, -33.246728416031722 ], [ -68.678486840167608, -33.246756421370961 ], [ -68.678514243275359, -33.246784477036741 ], [ -68.678541703875283, -33.246812466581225 ], [ -68.678569339646685, -33.246840270551608 ], [ -68.678597266472224, -33.2468677747542 ], [ -68.678625601132936, -33.246894857482701 ], [ -68.678654459511435, -33.246921404543649 ], [ -68.678683955693785, -33.24694729573357 ], [ -68.678714210054238, -33.246972416108015 ], [ -68.678745527121677, -33.246996442619654 ], [ -68.678780228142784, -33.247016910338495 ], [ -68.678817883722857, -33.247034290315923 ], [ -68.678857096981645, -33.247050085853061 ], [ -68.678896475530451, -33.247065794239582 ], [ -68.678934622488981, -33.247082920276803 ], [ -68.678970153553422, -33.247102950734195 ], [ -68.679004310195467, -33.247124762456124 ], [ -68.679038538702741, -33.247146852894964 ], [ -68.679072637852599, -33.247169300934139 ], [ -68.679106403727502, -33.24719218170069 ], [ -68.679139636003114, -33.247215569570223 ], [ -68.679172132558534, -33.247239544177241 ], [ -68.67920369037445, -33.247264177643324 ], [ -68.679234107329975, -33.247289550354083 ], [ -68.679263182202448, -33.247315735182184 ], [ -68.679290713769291, -33.247342810259148 ], [ -68.679316214245262, -33.247371193290952 ], [ -68.679339565951082, -33.247401078104225 ], [ -68.67936113450105, -33.247432182219654 ], [ -68.679381278322978, -33.247464226914602 ], [ -68.679400363929489, -33.247496931213007 ], [ -68.679418750646732, -33.247530016392993 ], [ -68.679436801394061, -33.247563200728052 ], [ -68.679454877294205, -33.247596205497118 ], [ -68.679473155315279, -33.24762886692379 ], [ -68.679490314933844, -33.247661988114736 ], [ -68.679506375014498, -33.247695614145506 ], [ -68.679521758663739, -33.247729536163014 ], [ -68.679536892581325, -33.24776355132456 ], [ -68.679552205263661, -33.247797452280182 ], [ -68.679568120715558, -33.247831034685348 ], [ -68.679585066535068, -33.247864091190714 ], [ -68.679603470320288, -33.247896417452303 ], [ -68.679623756974351, -33.247927808375252 ], [ -68.679646967644658, -33.247957694500727 ], [ -68.679673307147098, -33.247985942856232 ], [ -68.679701757690481, -33.248013099613551 ], [ -68.679731294297028, -33.248039713197478 ], [ -68.679760895582262, -33.248066334285937 ], [ -68.6797895383651, -33.248093509048616 ], [ -68.679816203057683, -33.248121788162095 ], [ -68.679840277907289, -33.248151511948123 ], [ -68.6798636826137, -33.248181724045793 ], [ -68.679886765723239, -33.248212212598183 ], [ -68.679909470642059, -33.24824297084362 ], [ -68.679931737182997, -33.248273990517923 ], [ -68.679953508752206, -33.248305263356905 ], [ -68.679974723365973, -33.248336781847705 ], [ -68.67999532532869, -33.24836853622358 ], [ -68.680015252656645, -33.248400521225484 ], [ -68.680034451450894, -33.248432727086737 ], [ -68.680052858829384, -33.248465146294485 ], [ -68.680070070550229, -33.248497898299078 ], [ -68.68008396569104, -33.248531761406802 ], [ -68.680095143428133, -33.248566554562494 ], [ -68.680104733842086, -33.248601901383402 ], [ -68.680113876895064, -33.248637428492536 ], [ -68.680123708057536, -33.24867275800581 ], [ -68.680135361901705, -33.248707515796134 ], [ -68.680148723443239, -33.248741780746442 ], [ -68.68016285843423, -33.248775876650008 ], [ -68.68017784233318, -33.248809726878633 ], [ -68.680193752395169, -33.248843257809249 ], [ -68.680210664078714, -33.24887639581889 ], [ -68.680228471382591, -33.248909167953336 ], [ -68.680246781743037, -33.248941770291225 ], [ -68.680265536769539, -33.248974215604157 ], [ -68.680284690648008, -33.249006511404858 ], [ -68.680304197564411, -33.24903866971362 ], [ -68.680324008111384, -33.249070694286878 ], [ -68.680344080966407, -33.249102596393612 ], [ -68.680364366722131, -33.249134382043998 ], [ -68.680384636308219, -33.24916621350944 ], [ -68.680404604958653, -33.249198328186608 ], [ -68.680424557439451, -33.24923052624132 ], [ -68.680444800076046, -33.249262589058276 ], [ -68.680465636499065, -33.24929429651997 ], [ -68.680487373932294, -33.249325430763065 ], [ -68.680510315108037, -33.249355773924393 ], [ -68.680534768148377, -33.249385106638677 ], [ -68.680561115735671, -33.249413165968164 ], [ -68.680589592330179, -33.249439815937144 ], [ -68.680619738892787, -33.249465368317061 ], [ -68.680651050570333, -33.24949016192393 ], [ -68.680683022509612, -33.249514536324725 ], [ -68.680715148959123, -33.249538829583429 ], [ -68.680746925065662, -33.249563381266199 ], [ -68.680777847772688, -33.249588531690073 ], [ -68.680808182981522, -33.249614163659196 ], [ -68.680839274571809, -33.249639486105075 ], [ -68.680870402993051, -33.249664866390013 ], [ -68.680900743591764, -33.249690734229659 ], [ -68.680929467222967, -33.249717517836686 ], [ -68.680955748334924, -33.249745648428245 ], [ -68.68097897786987, -33.24977546331457 ], [ -68.681000282315125, -33.249806510241186 ], [ -68.681020091065477, -33.249838496219311 ], [ -68.681038565817602, -33.249871241699211 ], [ -68.681055864675031, -33.249904557365198 ], [ -68.681072151131133, -33.249938261414307 ], [ -68.681087583289411, -33.249972169038841 ], [ -68.681102321049949, -33.250006091675218 ], [ -68.681116242241899, -33.250040099940726 ], [ -68.681128658755767, -33.250074695668907 ], [ -68.681139521184164, -33.250109772933179 ], [ -68.681148816950738, -33.250145182985982 ], [ -68.681156538868919, -33.250180781587446 ], [ -68.681162673464002, -33.250216420741715 ], [ -68.681166922495294, -33.250252128244895 ], [ -68.681169038027775, -33.250288093410916 ], [ -68.681169506050054, -33.250324229846207 ], [ -68.681168820635492, -33.25036044289358 ], [ -68.681167476755817, -33.250396639398552 ], [ -68.681165971179411, -33.250432723953047 ], [ -68.681163394811165, -33.250468677776055 ], [ -68.681159122423665, -33.250504570733511 ], [ -68.681154170909835, -33.250540438885174 ], [ -68.681149552670959, -33.250576319041997 ], [ -68.681232564189742, -33.250583281568169 ], [ -68.681275705781246, -33.250585376786617 ], [ -68.681318856355929, -33.250587535860703 ], [ -68.681361970099658, -33.250589419228326 ], [ -68.681404999401792, -33.250590685824974 ], [ -68.681447902041427, -33.250590994586098 ], [ -68.681490629509597, -33.250590006700804 ], [ -68.681533137788847, -33.250587378850788 ], [ -68.68157541160781, -33.250582905195095 ], [ -68.681617692613287, -33.250577612683621 ], [ -68.681660020331151, -33.250571792798702 ], [ -68.681690218996053, -33.250567263550209 ], [ -68.681702355235544, -33.25056544403779 ], [ -68.681744665885432, -33.25055857015699 ], [ -68.681790988411379, -33.250550405638613 ], [ -68.681688879607961, -33.250635677038844 ], [ -68.681675097654889, -33.250647184580963 ], [ -68.680498122274699, -33.251361839193279 ], [ -68.679960989921909, -33.252257465279612 ], [ -68.679850180934963, -33.253302056800862 ], [ -68.680376828151765, -33.255278038189815 ], [ -68.680374204172807, -33.255996166775198 ], [ -68.680371580193878, -33.256714203822284 ], [ -68.680795304733607, -33.257612850391304 ], [ -68.681434989657532, -33.257883719116293 ], [ -68.681859816430119, -33.258513144058703 ], [ -68.682071635580868, -33.258962510326278 ], [ -68.68206804681131, -33.259949765800492 ], [ -68.681212273044082, -33.260396387454051 ], [ -68.681316437192862, -33.261114698562643 ], [ -68.682061520550761, -33.261744947520533 ], [ -68.683982205764792, -33.262108886063885 ], [ -68.68419577213875, -33.262109429892519 ], [ -68.6859024777538, -33.262562504820728 ], [ -68.687604498654622, -33.264362008150378 ], [ -68.688775202895826, -33.265442020289925 ], [ -68.68941263125177, -33.266341174957496 ], [ -68.690051027991572, -33.266971107544769 ], [ -68.690689540614059, -33.26760094620785 ], [ -68.691436328974376, -33.267782320994208 ], [ -68.692612807586201, -33.267246715987739 ], [ -68.693147701337296, -33.266978821369264 ], [ -68.694431262724279, -33.266353664382592 ], [ -68.695285775256835, -33.266265970223692 ], [ -68.69603318794627, -33.266267807435753 ], [ -68.697314541274267, -33.266270947070296 ], [ -68.698274600462824, -33.26654260164554 ], [ -68.698805760815588, -33.267351739280898 ], [ -68.699121698301013, -33.268609082706305 ], [ -68.699759671934316, -33.269418384459556 ], [ -68.700394163697595, -33.271215118551964 ], [ -68.701032475097449, -33.271934704611652 ], [ -68.703567048315406, -33.274588470272995 ], [ -68.704098806946163, -33.275217983623548 ], [ -68.704845191064578, -33.275578787556455 ], [ -68.705377871366821, -33.275939077798867 ], [ -68.70601746556089, -33.276299620400025 ], [ -68.70601716462528, -33.276389420110988 ], [ -68.705695551583887, -33.276747675502691 ], [ -68.705480133782132, -33.277285695322171 ], [ -68.705478621019182, -33.277734512896394 ], [ -68.70590371638805, -33.278363765493715 ], [ -68.706649424075067, -33.278904066654569 ], [ -68.707395246746444, -33.27944445383973 ], [ -68.707500441262837, -33.279893433043213 ], [ -68.707498639242388, -33.280431959917024 ], [ -68.707176489008461, -33.280969715964503 ], [ -68.70696170631561, -33.281328242437318 ], [ -68.706319765722, -33.281685741604086 ], [ -68.705144689380305, -33.281772746651939 ], [ -68.704183727384901, -33.281680652989635 ], [ -68.703753865555143, -33.282487466527307 ], [ -68.702897568070128, -33.283023944535806 ], [ -68.704283242752069, -33.283835104965746 ], [ -68.704603368183342, -33.283925579544707 ], [ -68.70577575317246, -33.284646414054606 ], [ -68.70758771708428, -33.2857278619163 ], [ -68.708654534756135, -33.286089398879973 ], [ -68.709034627224213, -33.286143554276663 ], [ -68.692078212974096, -33.327498745117033 ], [ -68.5923100598784, -33.491678939318724 ], [ -68.286060726028055, -33.478199992546692 ], [ -68.282842007567822, -33.376490350852265 ], [ -68.286610140147403, -33.375623156217145 ], [ -68.353931667101904, -33.375291210473364 ], [ -68.375392770480772, -33.341633746994297 ], [ -68.377684522789224, -33.341645276309755 ], [ -68.392158377174624, -33.334794356817383 ], [ -68.461350893643328, -33.302004949196018 ], [ -68.466127163245446, -33.29805020981901 ], [ -68.475995222218529, -33.29501291398617 ], [ -68.493696531180305, -33.278373362582471 ], [ -68.494071436775926, -33.278061339876743 ], [ -68.501060092531134, -33.272244289500989 ], [ -68.516026752799945, -33.257483782752189 ], [ -68.523166393794853, -33.249812905634727 ], [ -68.538525508248355, -33.246021692386748 ], [ -68.544276730208125, -33.240653870169574 ], [ -68.550010551800838, -33.238557650738407 ], [ -68.552676096692267, -33.237777492878635 ], [ -68.557805090689016, -33.236276125047361 ], [ -68.572481292388801, -33.230938483798361 ], [ -68.59472726820448, -33.221582314478226 ], [ -68.601602985965542, -33.219487425717624 ], [ -68.619455809274726, -33.219158601536492 ], [ -68.626996773521128, -33.221876083806364 ], [ -68.634300555583067, -33.22670949161764 ], [ -68.643669764807498, -33.230393728359665 ], [ -68.65579264185611, -33.232545071526069 ], [ -68.677628223232546, -33.245484016391302 ] ] ] } },
{ "type": "Feature", "properties": { "fid": 32, "departamen": "RIVADAVIA", "codigo_dep": "10", "distrito": "SANTA MARIA DE ORO", "codigo_dis": "10", "globalid": "{B6995F38-8D5B-43C6-94A6-62FDF3782FED}", "created_date": 1739199530000, "created_user": "ugdt_admin", "last_edited_date": 1739199530000, "last_edited_user": "ugdt_admin", "shape_Length": 28600.619732231848, "shape_Area": 34960253.207936697 }, "geometry": { "type": "Polygon", "coordinates": [ [ [ -68.438034933594423, -33.178042935364346 ], [ -68.441589022794616, -33.184962968017217 ], [ -68.444051596042542, -33.189632275483639 ], [ -68.44276999567785, -33.190101770111582 ], [ -68.4450367757197, -33.193663000412471 ], [ -68.449446977351968, -33.200346515410416 ], [ -68.449565750802208, -33.200372015987789 ], [ -68.450802787542301, -33.20227853612797 ], [ -68.453452631679198, -33.205981323565886 ], [ -68.460106831179402, -33.216034967207342 ], [ -68.463028313281782, -33.220350566967966 ], [ -68.462887770058956, -33.220286748523186 ], [ -68.460877886628793, -33.220390645387397 ], [ -68.455924337200287, -33.219974756587604 ], [ -68.454581766380599, -33.220475836485512 ], [ -68.454235667959523, -33.222276625722202 ], [ -68.453826828504049, -33.223401203565572 ], [ -68.452814171158977, -33.22469216951373 ], [ -68.452074267487021, -33.225195787882583 ], [ -68.450601140015522, -33.225133015250613 ], [ -68.447927358471247, -33.224276255323076 ], [ -68.446403885817986, -33.224493879923926 ], [ -68.445128842256537, -33.224882457812008 ], [ -68.444182621614942, -33.226229908922541 ], [ -68.443368210774977, -33.227915955368715 ], [ -68.442285792959922, -33.229600702412817 ], [ -68.441146440820447, -33.229708277702123 ], [ -68.440012841492049, -33.228914625610322 ], [ -68.437352421489322, -33.225973821662144 ], [ -68.434076718399055, -33.225001516006692 ], [ -68.429055383895829, -33.22469685866217 ], [ -68.42585744616305, -33.222665489253835 ], [ -68.423269173454059, -33.219048877468282 ], [ -68.421405509701017, -33.217294249148054 ], [ -68.419196246990168, -33.217171231922009 ], [ -68.417789805953788, -33.218398397834321 ], [ -68.4169714901373, -33.220591134904382 ], [ -68.416692415019568, -33.222279429519645 ], [ -68.41547970914894, -33.223343837279515 ], [ -68.41427535850876, -33.224068188147065 ], [ -68.413135672196006, -33.224231766051538 ], [ -68.411199878217218, -33.22326509665892 ], [ -68.410472621926118, -33.221853611237236 ], [ -68.409143320121515, -33.220326648114018 ], [ -68.407604140425491, -33.220150351199067 ], [ -68.406666541814005, -33.220145872979863 ], [ -68.405330186437794, -33.219688858193784 ], [ -68.404611504566091, -33.218233381131505 ], [ -68.404213908424694, -33.217611893106501 ], [ -68.403609568613945, -33.217834301209017 ], [ -68.403137770731774, -33.218282655382851 ], [ -68.402665860560191, -33.218730917077167 ], [ -68.402123943780225, -33.219629458894438 ], [ -68.402252927481982, -33.220362272384364 ], [ -68.402114347976351, -33.221037446659338 ], [ -68.401505477063296, -33.221935664192408 ], [ -68.400362330440061, -33.222606078448756 ], [ -68.399756127523418, -33.223110029709439 ], [ -68.398548613915139, -33.223385756198688 ], [ -68.396609903106608, -33.222869467196467 ], [ -68.395814681179445, -33.221626527796481 ], [ -68.395218941839204, -33.220609866073488 ], [ -68.394215856043488, -33.220379664423845 ], [ -68.393610801173764, -33.220714630536833 ], [ -68.392798989159928, -33.221893384614603 ], [ -68.392259292117004, -33.222453973437865 ], [ -68.391203084446985, -33.222673658630903 ], [ -68.389934099123806, -33.222160547977246 ], [ -68.388261346233264, -33.2219270070295 ], [ -68.385979570614353, -33.222591582320412 ], [ -68.384828249322041, -33.223100665520249 ], [ -68.384646366528159, -33.222643945721359 ], [ -68.381381496221877, -33.215703240367368 ], [ -68.377971454572432, -33.209078836373678 ], [ -68.37865625378825, -33.208647079313579 ], [ -68.382714517950092, -33.20608823940897 ], [ -68.383434763788699, -33.205634075796894 ], [ -68.385081549977656, -33.204556788241341 ], [ -68.386257730348831, -33.203787330461452 ], [ -68.393189222709239, -33.199246292035276 ], [ -68.40661316481814, -33.190416910155264 ], [ -68.406636797696621, -33.190401326911868 ], [ -68.408546463277077, -33.189226084216969 ], [ -68.411405773876965, -33.188439311348048 ], [ -68.416587539405072, -33.187096561206403 ], [ -68.418742443261451, -33.186293775507778 ], [ -68.424705805070502, -33.183141655451479 ], [ -68.4285572330365, -33.181528964016771 ], [ -68.43098255225128, -33.180372964599648 ], [ -68.433723115452082, -33.17880451579736 ], [ -68.435371964172916, -33.17819513935104 ], [ -68.436324019372279, -33.178066115409123 ], [ -68.438034933594423, -33.178042935364346 ] ] ] } },
{ "type": "Feature", "properties": { "fid": 59, "departamen": "RIVADAVIA", "codigo_dep": "10", "distrito": "LOS CAMPAMENTOS", "codigo_dis": "05", "globalid": "{D59BB2AE-FC9D-464B-AF8A-CE737C59C9BC}", "created_date": 1739199530000, "created_user": "ugdt_admin", "last_edited_date": 1739199530000, "last_edited_user": "ugdt_admin", "shape_Length": 53417.845655616853, "shape_Area": 137761920.22195849 }, "geometry": { "type": "Polygon", "coordinates": [ [ [ -68.473372050859055, -33.214135373909144 ], [ -68.475150221048196, -33.21915557519096 ], [ -68.488028577657502, -33.259035803609031 ], [ -68.494070732496738, -33.278060519776773 ], [ -68.493695826002806, -33.278372542485407 ], [ -68.475994517041016, -33.29501209479632 ], [ -68.466126458966272, -33.298049389156027 ], [ -68.461350189364154, -33.30200412932102 ], [ -68.392157672895451, -33.334793537250754 ], [ -68.391425215358865, -33.331956468856127 ], [ -68.376436699079193, -33.281626019455473 ], [ -68.376612722162491, -33.281589808855848 ], [ -68.371213519419854, -33.263829124542895 ], [ -68.379846689524655, -33.262047386835363 ], [ -68.395483973594111, -33.252582242106143 ], [ -68.38871688730373, -33.229249973829688 ], [ -68.386027272054264, -33.226112292936996 ], [ -68.384827545941178, -33.223099843401343 ], [ -68.385978868131815, -33.222590760948222 ], [ -68.388260642852387, -33.221926185651043 ], [ -68.389933395742958, -33.222159727352491 ], [ -68.391202381066108, -33.222672838010951 ], [ -68.392258588736141, -33.222453152064389 ], [ -68.392798284880755, -33.221892563235855 ], [ -68.393610097792902, -33.220713809898506 ], [ -68.394215152662625, -33.220378843782377 ], [ -68.395218239356652, -33.220609044682696 ], [ -68.395813977798568, -33.221625707166709 ], [ -68.396609199725745, -33.222868646578391 ], [ -68.398547910534262, -33.223384935585422 ], [ -68.399755424142541, -33.223109209093579 ], [ -68.400361627059198, -33.222605257076715 ], [ -68.401504773682433, -33.221934843565535 ], [ -68.402113644595488, -33.221036626024066 ], [ -68.402252224101119, -33.22036145174274 ], [ -68.402123240399362, -33.219628638245965 ], [ -68.402665157179328, -33.218730095668711 ], [ -68.403137067350912, -33.21828183397021 ], [ -68.403608865233068, -33.217833479792141 ], [ -68.404213205043831, -33.21761107093603 ], [ -68.404610800286903, -33.218232560469907 ], [ -68.405329483056903, -33.219688037545843 ], [ -68.406665838433142, -33.2201450523362 ], [ -68.407603437044628, -33.220149529803969 ], [ -68.409142615842327, -33.22032582672054 ], [ -68.410471918545269, -33.22185278985809 ], [ -68.411199174836341, -33.223264275293033 ], [ -68.413134967916847, -33.224230944694746 ], [ -68.414274655127898, -33.224067366788752 ], [ -68.415479004869752, -33.223343015914381 ], [ -68.416691711638691, -33.222278608144535 ], [ -68.416970786756437, -33.220590313513405 ], [ -68.417789101674614, -33.218397577174265 ], [ -68.419195542710995, -33.217170410498902 ], [ -68.42140480632014, -33.217293427726133 ], [ -68.4232684691749, -33.21904805681433 ], [ -68.425856742782202, -33.222664668633811 ], [ -68.429054679616641, -33.224696037309755 ], [ -68.434076015018178, -33.22500069540861 ], [ -68.437351717210149, -33.22597300107315 ], [ -68.440012138111186, -33.228913804297505 ], [ -68.44114573743957, -33.22970745639676 ], [ -68.442285090477355, -33.229599881106445 ], [ -68.443367506495818, -33.227915135549409 ], [ -68.444181917335769, -33.226229088335984 ], [ -68.44512813887566, -33.22488163646134 ], [ -68.446403181538798, -33.2244930585696 ], [ -68.447926655090399, -33.224275435469643 ], [ -68.450600436634645, -33.225132193902255 ], [ -68.452073564106144, -33.225194966534815 ], [ -68.452813466879817, -33.224691348912714 ], [ -68.453826125123186, -33.223400382200985 ], [ -68.454234963680349, -33.222275805098526 ], [ -68.45458106210144, -33.220475015844954 ], [ -68.45592363381941, -33.219973935190858 ], [ -68.460877182349591, -33.220389823994545 ], [ -68.462887065779768, -33.220285928632372 ], [ -68.463027609900919, -33.220349746326228 ], [ -68.464890759817635, -33.221195738946669 ], [ -68.467239992626162, -33.220361039918913 ], [ -68.468322161607915, -33.218619628563026 ], [ -68.470812631138671, -33.216546387507961 ], [ -68.473372050859055, -33.214135373909144 ] ] ] } },
{ "type": "Feature", "properties": { "fid": 62, "departamen": "RIVADAVIA", "codigo_dep": "10", "distrito": "CIUDAD", "codigo_dis": "01", "globalid": "{B462714E-D488-49A2-AA63-774F5A335EA8}", "created_date": 1739199530000, "created_user": "ugdt_admin", "last_edited_date": 1739199530000, "last_edited_user": "ugdt_admin", "shape_Length": 29623.574961244551, "shape_Area": 45269617.645119667 }, "geometry": { "type": "Polygon", "coordinates": [ [ [ -68.49256069145359, -33.154825199241237 ], [ -68.502094711888262, -33.185198039782115 ], [ -68.508307085795749, -33.205755406801615 ], [ -68.5036228602726, -33.208018106325653 ], [ -68.501359657322197, -33.208516010012815 ], [ -68.498491389620611, -33.20939172698629 ], [ -68.494569061222506, -33.210136234540556 ], [ -68.492311514963461, -33.209620044732553 ], [ -68.48931024359922, -33.207453064901664 ], [ -68.486745495072569, -33.207949461067066 ], [ -68.483273710416995, -33.208949006358459 ], [ -68.481151321082336, -33.211094818402543 ], [ -68.479789717656743, -33.21197630271697 ], [ -68.478578890163362, -33.21285849439716 ], [ -68.476164729821051, -33.213355303328392 ], [ -68.474201010813331, -33.214107415991812 ], [ -68.473373682199593, -33.214147185374955 ], [ -68.470814262479209, -33.216558197896816 ], [ -68.468323792948453, -33.218631440175102 ], [ -68.467241623966714, -33.220372850544386 ], [ -68.464892390259863, -33.221207550210949 ], [ -68.463029240343161, -33.220361556953222 ], [ -68.460107757342456, -33.216045957734671 ], [ -68.453453556943941, -33.205992313852541 ], [ -68.450803711908733, -33.202289526879483 ], [ -68.449566675168626, -33.200383006978626 ], [ -68.449447901718386, -33.200357505652804 ], [ -68.445037699187807, -33.193673990741971 ], [ -68.442770919145943, -33.190112760887963 ], [ -68.444052519510663, -33.189643266318932 ], [ -68.441589946262738, -33.18497395793473 ], [ -68.43803585616422, -33.1780539261499 ], [ -68.439825660434622, -33.178029651383945 ], [ -68.442145214702791, -33.177890152926871 ], [ -68.445751982907879, -33.177872940412684 ], [ -68.446871741892679, -33.178113343133653 ], [ -68.449746162155662, -33.178294893776439 ], [ -68.451886050672059, -33.178304355990107 ], [ -68.453826391024492, -33.178144121515409 ], [ -68.442922578122108, -33.163565297583531 ], [ -68.443875980794402, -33.163051222373575 ], [ -68.444269469838289, -33.162839048921221 ], [ -68.444365702761417, -33.162808450908287 ], [ -68.444923377788115, -33.162631129764925 ], [ -68.446448027234425, -33.162146328318848 ], [ -68.450799946171045, -33.161816898505798 ], [ -68.454991722442003, -33.160477798308207 ], [ -68.458859789901979, -33.158558038833384 ], [ -68.459727595704095, -33.158173070405326 ], [ -68.465234836131017, -33.155729777021328 ], [ -68.465335099794814, -33.155694399453473 ], [ -68.468756840204207, -33.154486993110943 ], [ -68.479778051236138, -33.150597143051669 ], [ -68.479893566496855, -33.150556366327166 ], [ -68.479911359427675, -33.150550084767985 ], [ -68.480286955827751, -33.151230541528264 ], [ -68.481022655384194, -33.152563354854216 ], [ -68.49256069145359, -33.154825199241237 ] ] ] } },
{ "type": "Feature", "properties": { "fid": 116, "departamen": "RIVADAVIA", "codigo_dep": "10", "distrito": "MEDRANO", "codigo_dis": "02", "globalid": "{145B3439-473C-4E67-A6AE-CA9C3B1E52E8}", "created_date": 1739199530000, "created_user": "ugdt_admin", "last_edited_date": 1739199530000, "last_edited_user": "ugdt_admin", "shape_Length": 14265.134926049186, "shape_Area": 10297931.349563697 }, "geometry": { "type": "Polygon", "coordinates": [ [ [ -68.594596934334845, -33.17462738010687 ], [ -68.598012022719544, -33.17535807854081 ], [ -68.606216230208219, -33.175085948199829 ], [ -68.608787548114549, -33.175976768006414 ], [ -68.609781448636468, -33.176455953867944 ], [ -68.611565306957985, -33.177231534446392 ], [ -68.612173697272382, -33.177610315507401 ], [ -68.620425653811665, -33.181708455824641 ], [ -68.626477812289906, -33.184859956080558 ], [ -68.629144833113344, -33.186310550326276 ], [ -68.632732559729348, -33.188645601832214 ], [ -68.637446412588915, -33.191763747024751 ], [ -68.640870307158352, -33.193886203811154 ], [ -68.642764103999312, -33.195575266916947 ], [ -68.642670506733211, -33.195697638704495 ], [ -68.641333496485146, -33.197445643778785 ], [ -68.633974422219154, -33.199485291344558 ], [ -68.624559274049403, -33.20080695810347 ], [ -68.615112535724379, -33.201369552155334 ], [ -68.612199388191172, -33.201275905745057 ], [ -68.608384496504442, -33.200587887755304 ], [ -68.605761891981913, -33.199167454562797 ], [ -68.605349596707555, -33.196122025204517 ], [ -68.604381067304175, -33.188093547187194 ], [ -68.602178424278662, -33.186396960926686 ], [ -68.595477829488971, -33.179701511864387 ], [ -68.594596934334845, -33.17462738010687 ] ] ] } },
{ "type": "Feature", "properties": { "fid": 124, "departamen": "RIVADAVIA", "codigo_dep": "10", "distrito": "ANDRADE", "codigo_dis": "04", "globalid": "{6F07414E-A521-4C81-B589-C8E0A498B7E5}", "created_date": 1739199530000, "created_user": "ugdt_admin", "last_edited_date": 1739199530000, "last_edited_user": "ugdt_admin", "shape_Length": 24178.490953100722, "shape_Area": 33966364.44679299 }, "geometry": { "type": "Polygon", "coordinates": [ [ [ -68.544324671498202, -33.155347690862165 ], [ -68.553464291098962, -33.19627539149797 ], [ -68.553186047821185, -33.196268382552262 ], [ -68.547257496627694, -33.196500430675265 ], [ -68.546049741372599, -33.196918604204747 ], [ -68.542226762153348, -33.197918697897975 ], [ -68.539108422341286, -33.19866766809124 ], [ -68.536792358027995, -33.199673180219982 ], [ -68.534475346890389, -33.20084760772324 ], [ -68.532321268585761, -33.201122452748002 ], [ -68.531258156464446, -33.201258082961829 ], [ -68.52804411912517, -33.201076851261071 ], [ -68.521911454529473, -33.201813978304735 ], [ -68.517891306783469, -33.202051960373304 ], [ -68.5143711334768, -33.202714265526694 ], [ -68.511753793980162, -33.203633648855721 ], [ -68.508306154242817, -33.205744414981964 ], [ -68.50209378123364, -33.185187048389075 ], [ -68.49255976259559, -33.154814207799433 ], [ -68.49253057543369, -33.154721190740624 ], [ -68.492488374378269, -33.154552155324076 ], [ -68.492428057896845, -33.154310552360393 ], [ -68.491794689925982, -33.151773458818752 ], [ -68.491784414097452, -33.151732299826087 ], [ -68.493191892687989, -33.151961880207764 ], [ -68.50100259586138, -33.1532356126216 ], [ -68.505002047321568, -33.153962450723739 ], [ -68.505796658394331, -33.153881402769947 ], [ -68.507607471564285, -33.153999494079493 ], [ -68.50876446122605, -33.154114073054537 ], [ -68.509244885629883, -33.154074497520085 ], [ -68.510671768728869, -33.154036850281791 ], [ -68.510934944564383, -33.153935101578945 ], [ -68.51449059054498, -33.154477398970485 ], [ -68.519364061454112, -33.154353897914341 ], [ -68.519405901386762, -33.154351207008538 ], [ -68.519448843552297, -33.154349003443905 ], [ -68.519491866566199, -33.154347129285846 ], [ -68.519534913834605, -33.154345353648878 ], [ -68.519577927865356, -33.154343447151689 ], [ -68.519620852064591, -33.154341178156798 ], [ -68.519663628940094, -33.154338317282807 ], [ -68.519706199203114, -33.154334633644183 ], [ -68.519748506259717, -33.154329899363567 ], [ -68.519790492617773, -33.154323882803276 ], [ -68.519832043292951, -33.154316162051678 ], [ -68.51987306126712, -33.154306415222266 ], [ -68.519913667812929, -33.15429508302757 ], [ -68.51995398959275, -33.154282630246506 ], [ -68.519994157760678, -33.154269523162299 ], [ -68.520034302572427, -33.154256228810567 ], [ -68.520074549792099, -33.154243211970901 ], [ -68.520115026980477, -33.154230938175324 ], [ -68.520155867088249, -33.154219874460232 ], [ -68.520197078200212, -33.15421004263608 ], [ -68.520240710271892, -33.154199692633846 ], [ -68.520279779800219, -33.154191015236755 ], [ -68.520321251423638, -33.154181805372311 ], [ -68.520362730233558, -33.154172594002794 ], [ -68.52040420814518, -33.154163382632284 ], [ -68.52044567887026, -33.154154172012881 ], [ -68.520487135222311, -33.154144965904969 ], [ -68.520528569116465, -33.154135763556432 ], [ -68.520569975162857, -33.154126567223486 ], [ -68.520614411226703, -33.154127144814588 ], [ -68.520656477534828, -33.154120291936522 ], [ -68.520698617504806, -33.154113747407429 ], [ -68.52074082305181, -33.154107476631971 ], [ -68.520783086090972, -33.15410143824635 ], [ -68.520825394045914, -33.154095599911443 ], [ -68.520867742425025, -33.154089921015455 ], [ -68.520910119550251, -33.154084366963033 ], [ -68.520952516438385, -33.154078898646503 ], [ -68.520994925004629, -33.154073481470547 ], [ -68.521037333570888, -33.154068074823272 ], [ -68.521079736747254, -33.154062643357278 ], [ -68.521122123753926, -33.154057150973067 ], [ -68.521164484709473, -33.154051560067039 ], [ -68.521206819613866, -33.154045811225458 ], [ -68.521249134755323, -33.15403987286119 ], [ -68.521291437320357, -33.154033787842408 ], [ -68.521333730902256, -33.154027596028889 ], [ -68.521376017297627, -33.154021335776328 ], [ -68.521418303692997, -33.154015051456959 ], [ -68.521460590986678, -33.154008781426562 ], [ -68.521502886365198, -33.154002566297009 ], [ -68.521545191625194, -33.153996448184436 ], [ -68.521587511258232, -33.153990465444529 ], [ -68.521629849755882, -33.153984662449673 ], [ -68.521672210711429, -33.153979076051478 ], [ -68.521714595921466, -33.153973749870197 ], [ -68.521757014369186, -33.153968723765765 ], [ -68.521799466952885, -33.153964037598101 ], [ -68.521841958164131, -33.153959733483347 ], [ -68.521884491596211, -33.153955849777347 ], [ -68.521927079825517, -33.153952453414625 ], [ -68.521969757886353, -33.153949642164797 ], [ -68.522012516795556, -33.153947391961523 ], [ -68.522055344875042, -33.153945656928414 ], [ -68.522098226853444, -33.153944397205642 ], [ -68.522141150154354, -33.153943567668762 ], [ -68.522184103099661, -33.153943129962073 ], [ -68.522227069519701, -33.153943037457054 ], [ -68.522270038634687, -33.15394324954174 ], [ -68.522312996969902, -33.153943723347943 ], [ -68.522355931050583, -33.153944416759536 ], [ -68.522398826503704, -33.153945288412501 ], [ -68.522441673447815, -33.153946293934524 ], [ -68.522484463798065, -33.1539475950213 ], [ -68.522527221808943, -33.153949601552817 ], [ -68.522569952870398, -33.153952208238742 ], [ -68.5226126650672, -33.153955293243158 ], [ -68.522655361094351, -33.153958730217738 ], [ -68.522698050833284, -33.153962393566175 ], [ -68.522740736978946, -33.153966158444334 ], [ -68.522783428514501, -33.153969900760146 ], [ -68.522826130829856, -33.153973494917423 ], [ -68.522868848416564, -33.153976814567876 ], [ -68.522911588461156, -33.153979737123649 ], [ -68.522954349166994, -33.153982321998583 ], [ -68.522997124245876, -33.153984771500276 ], [ -68.523039906511286, -33.153987105934739 ], [ -68.523082698658143, -33.153989347112095 ], [ -68.523125497093233, -33.153991516842474 ], [ -68.523168298223268, -33.153993636935994 ], [ -68.523211102946533, -33.153995726946526 ], [ -68.523253909466476, -33.153997809436312 ], [ -68.523296714189755, -33.153999906967492 ], [ -68.523339514421465, -33.154002039093974 ], [ -68.52338231195823, -33.154004228377929 ], [ -68.523553542529498, -33.154017225699157 ], [ -68.523639237316019, -33.154023894327466 ], [ -68.523724068821551, -33.154033492277904 ], [ -68.523807401937205, -33.154048165212167 ], [ -68.523888479383174, -33.15407026786594 ], [ -68.523967963217814, -33.154097671117768 ], [ -68.524047037420701, -33.154126690563238 ], [ -68.524126888666302, -33.154153640298311 ], [ -68.524208064926967, -33.15417682440409 ], [ -68.524289605005322, -33.154199196266909 ], [ -68.524371448714206, -33.154220845383811 ], [ -68.524453590663782, -33.154241682258991 ], [ -68.524536024565833, -33.15426161814861 ], [ -68.52461874323383, -33.154280566565262 ], [ -68.524701706243562, -33.154298694469126 ], [ -68.524784865086062, -33.154316256812521 ], [ -68.524868189218552, -33.154333310001 ], [ -68.524951657979798, -33.154349908183946 ], [ -68.525035246217001, -33.154366110023005 ], [ -68.525118924285707, -33.154381971171539 ], [ -68.52520267152471, -33.154397545778778 ], [ -68.525286460984518, -33.154412892506251 ], [ -68.525370245054432, -33.154428354297615 ], [ -68.525454014751304, -33.154444090591447 ], [ -68.525537779956593, -33.154459999858297 ], [ -68.525621551450101, -33.154475979816731 ], [ -68.525705342706544, -33.154491925177105 ], [ -68.525789163607399, -33.154507735162262 ], [ -68.525873027627384, -33.15452330448268 ], [ -68.525956944647945, -33.154538531609269 ], [ -68.526040929940507, -33.154553314261022 ], [ -68.526124992488164, -33.154567548652693 ], [ -68.526209143969041, -33.154581131751307 ], [ -68.526293396959517, -33.154593961275957 ], [ -68.52637776403607, -33.154605932689535 ], [ -68.526462255080105, -33.154616944463271 ], [ -68.526547049754726, -33.154625967769263 ], [ -68.526632347485901, -33.154631812837479 ], [ -68.526718028797688, -33.154635092603442 ], [ -68.526803963434418, -33.15463644331647 ], [ -68.526890026530211, -33.15463650122566 ], [ -68.526976088727679, -33.154635901075899 ], [ -68.527062025161015, -33.154635282876491 ], [ -68.527147784626266, -33.154634439056871 ], [ -68.527233668957308, -33.154629793536422 ], [ -68.527319588322669, -33.154623205425395 ], [ -68.527405372042395, -33.154617455117155 ], [ -68.527490852131578, -33.154615319997369 ], [ -68.527575862401847, -33.154619470658147 ], [ -68.527660442379116, -33.154628712815509 ], [ -68.527744733997167, -33.154641063266297 ], [ -68.527828841460604, -33.154655524768025 ], [ -68.527912873465525, -33.154671107599434 ], [ -68.527996933318235, -33.154686816023236 ], [ -68.528081131511499, -33.154701655807052 ], [ -68.528165573148215, -33.154714634975335 ], [ -68.528250314822216, -33.154725517379958 ], [ -68.528335289159898, -33.154735369452133 ], [ -68.528420445855559, -33.154744237820267 ], [ -68.528505739095181, -33.154752133765648 ], [ -68.528591118573033, -33.154759068569561 ], [ -68.528676539373407, -33.154765050504935 ], [ -68.528762072463195, -33.154769426026462 ], [ -68.52884774838509, -33.154772206415316 ], [ -68.52893350605369, -33.154774097109744 ], [ -68.529019283485212, -33.154775809564498 ], [ -68.529105022289201, -33.154778047713449 ], [ -68.52919068743131, -33.154781293630947 ], [ -68.529276316640818, -33.154785173540084 ], [ -68.529361907222793, -33.15478960922588 ], [ -68.52944743761762, -33.154794892489861 ], [ -68.529532879977552, -33.154801775397829 ], [ -68.529618318744241, -33.154808501875564 ], [ -68.529703848240743, -33.154813035328743 ], [ -68.529789525060977, -33.154814208551485 ], [ -68.529875248593584, -33.15481427322915 ], [ -68.529960998177344, -33.154813676088864 ], [ -68.530046769320663, -33.154812589353675 ], [ -68.530132552142092, -33.154811185998746 ], [ -68.530218343048361, -33.154809640503338 ], [ -68.530304132158008, -33.154808127346733 ], [ -68.530389913182773, -33.154806817999969 ], [ -68.530475678936241, -33.154805886942377 ], [ -68.530561424028406, -33.154805508653219 ], [ -68.530647138577876, -33.154805854603545 ], [ -68.530732818991353, -33.154807101528839 ], [ -68.530818459878972, -33.154809407362919 ], [ -68.53090406213903, -33.154812759320571 ], [ -68.530989635652986, -33.1548170002199 ], [ -68.531075182217492, -33.154821978143538 ], [ -68.531160703629183, -33.154827536661607 ], [ -68.53124620527791, -33.154833518592341 ], [ -68.531331690756986, -33.154839771266289 ], [ -68.531417163659626, -33.154846138253752 ], [ -68.531502627579144, -33.15485246312511 ], [ -68.531588087007066, -33.154858591706891 ], [ -68.531673533858566, -33.15486462928834 ], [ -68.531758952862319, -33.154870948893873 ], [ -68.53184434850985, -33.154877496374752 ], [ -68.531929727987716, -33.154884206301247 ], [ -68.532015099380743, -33.154891011739501 ], [ -68.532100466282202, -33.154897847259839 ], [ -68.53218583857354, -33.154904648936729 ], [ -68.532271219848027, -33.15491134833222 ], [ -68.532356618190505, -33.154917881520866 ], [ -68.532442038990879, -33.154924183073 ], [ -68.532527513690169, -33.154929988261905 ], [ -68.532613044983293, -33.154935279790116 ], [ -68.532698603225896, -33.154940326896984 ], [ -68.532784154282012, -33.154945400325836 ], [ -68.532869670303796, -33.154950767059603 ], [ -68.532955119850243, -33.154956700849787 ], [ -68.533040473276955, -33.154963467175072 ], [ -68.533125699142914, -33.154971425522064 ], [ -68.533210818109339, -33.154980440518877 ], [ -68.53329586970213, -33.154990080480268 ], [ -68.533380893447145, -33.154999912969025 ], [ -68.533465929768553, -33.155009510060587 ], [ -68.533551017293959, -33.155018439318184 ], [ -68.533636196447517, -33.1550262683052 ], [ -68.533721511246682, -33.155032559320674 ], [ -68.533807100032007, -33.155036746812854 ], [ -68.533892912497834, -33.155038828525832 ], [ -68.533978799523837, -33.155039030831041 ], [ -68.534064613786299, -33.155037578595561 ], [ -68.534150231317724, -33.155034386084068 ], [ -68.534235821001346, -33.155026857171343 ], [ -68.534321378345638, -33.155016741157418 ], [ -68.534406812620745, -33.155007056075135 ], [ -68.534492037588365, -33.155000816950277 ], [ -68.534576963417024, -33.155001013239037 ], [ -68.534661919788377, -33.155007621627398 ], [ -68.534746853701861, -33.155018861978228 ], [ -68.534831370797065, -33.155033851366582 ], [ -68.534915079408492, -33.155051704611466 ], [ -68.534997588769016, -33.155071552325545 ], [ -68.53507870124929, -33.155094294727434 ], [ -68.535158777972029, -33.155120040111974 ], [ -68.535238277976362, -33.155147487407532 ], [ -68.535317657606441, -33.155175337800124 ], [ -68.535397374104761, -33.155202292477433 ], [ -68.535477884713771, -33.155227050372439 ], [ -68.535559491267435, -33.155249427231816 ], [ -68.535641822761548, -33.155272160562838 ], [ -68.535724795652769, -33.155293591317012 ], [ -68.535808373110186, -33.155311591913105 ], [ -68.535892520099466, -33.155324033267156 ], [ -68.535977198891416, -33.155328919410515 ], [ -68.536062194788656, -33.155329166086666 ], [ -68.536147391908514, -33.15532707685994 ], [ -68.536232763301527, -33.155323076644947 ], [ -68.536318276628378, -33.15531758885205 ], [ -68.53640390314294, -33.155311035387513 ], [ -68.536489614997464, -33.155303843422168 ], [ -68.536575382547525, -33.155296434862436 ], [ -68.536661175250416, -33.155289232367018 ], [ -68.536746964360063, -33.155282660098834 ], [ -68.536832721130338, -33.155277142972977 ], [ -68.536918415916858, -33.155273103648497 ], [ -68.537004043329745, -33.155271057287969 ], [ -68.537089703081989, -33.155271449112227 ], [ -68.537175397868509, -33.155273693265052 ], [ -68.537261117807873, -33.155277097849265 ], [ -68.537346851221955, -33.155280973976176 ], [ -68.537432588229308, -33.155284632004943 ], [ -68.537518314456861, -33.155287382295022 ], [ -68.537604065837272, -33.155288969145396 ], [ -68.537689871116569, -33.155289885908715 ], [ -68.537775701548711, -33.155290468004516 ], [ -68.53786152838758, -33.155291047844152 ], [ -68.537947319293849, -33.155291960095077 ], [ -68.538033049114659, -33.155293536416501 ], [ -68.538118685510682, -33.155296112227958 ], [ -68.538204197939223, -33.155300019188537 ], [ -68.538289490280505, -33.155306253779742 ], [ -68.538374483482798, -33.155315548509044 ], [ -68.538459309598451, -33.155326621862763 ], [ -68.53854409978149, -33.155338150964255 ], [ -68.53862898967752, -33.155348815193761 ], [ -68.538714112237216, -33.155357302956887 ], [ -68.538799725277045, -33.155365113864192 ], [ -68.538885682371657, -33.155372570550007 ], [ -68.538971590058878, -33.155377580028677 ], [ -68.539057053080086, -33.155378048562675 ], [ -68.539141745346754, -33.155372099007721 ], [ -68.539225947133275, -33.155360602249345 ], [ -68.539309796780202, -33.155345178977413 ], [ -68.539393338305004, -33.155327243065514 ], [ -68.539476615725093, -33.155308203875549 ], [ -68.539559669464694, -33.15528947528297 ], [ -68.539642527371555, -33.155270882057536 ], [ -68.53972517866589, -33.155251445766552 ], [ -68.539807608076387, -33.155231297268251 ], [ -68.539889797636675, -33.155210568173139 ], [ -68.539971735668672, -33.155189386331394 ], [ -68.540051983969619, -33.155162321096888 ], [ -68.540130672795257, -33.155138205445482 ], [ -68.540212719523424, -33.155117000272305 ], [ -68.540295369021138, -33.155097312758038 ], [ -68.540378649136187, -33.155080070198068 ], [ -68.540465193728963, -33.155072933866457 ], [ -68.540547235067237, -33.155052843236078 ], [ -68.540629227896474, -33.155032765386188 ], [ -68.540715346687819, -33.155024865705741 ], [ -68.540799989547168, -33.155013056795205 ], [ -68.540884719543072, -33.155001954823469 ], [ -68.540969567218283, -33.154991551518123 ], [ -68.54105468798133, -33.154982098068899 ], [ -68.541140012661984, -33.154973932153055 ], [ -68.541225455920213, -33.154967393704126 ], [ -68.541310932416138, -33.154962819647466 ], [ -68.541396582286922, -33.154960964304109 ], [ -68.541482462126368, -33.154962266127917 ], [ -68.541568245846122, -33.154966319755957 ], [ -68.541653617239149, -33.154972733362243 ], [ -68.541738698476337, -33.154981260269125 ], [ -68.541823612626885, -33.154991481576126 ], [ -68.541908373165512, -33.155002886631074 ], [ -68.541992987278761, -33.155014972302595 ], [ -68.542077493594164, -33.155027238467817 ], [ -68.54216203404556, -33.155039544490684 ], [ -68.542246523292974, -33.155052192700886 ], [ -68.542330850843641, -33.155065507989768 ], [ -68.542414903509822, -33.155079818256752 ], [ -68.542498567205513, -33.155095446136563 ], [ -68.542581771862061, -33.15511263454497 ], [ -68.542664609107675, -33.155131167638892 ], [ -68.542747153502489, -33.155150755121191 ], [ -68.542829468826923, -33.155171112711429 ], [ -68.542911623352921, -33.155191960641787 ], [ -68.542993681759185, -33.155213016136408 ], [ -68.543075646740647, -33.155234186691516 ], [ -68.54315705027507, -33.155256838803759 ], [ -68.543238104364832, -33.155280433243682 ], [ -68.543319202472063, -33.155303905091209 ], [ -68.543400142475789, -33.155328326786091 ], [ -68.54348082376471, -33.155353900631965 ], [ -68.543561629919466, -33.1553788953834 ], [ -68.543642940927413, -33.155401582053067 ], [ -68.54372513857254, -33.155420229399184 ], [ -68.543809809279637, -33.155432469937658 ], [ -68.543896591027661, -33.155436151273989 ], [ -68.543982126812381, -33.155430210747717 ], [ -68.544065421300473, -33.155416071255672 ], [ -68.54414818488425, -33.155397327644906 ], [ -68.544230380732714, -33.155375353928008 ], [ -68.544311960336941, -33.155351515093692 ], [ -68.544324671498202, -33.155347690862165 ] ] ] } },
{ "type": "Feature", "properties": { "fid": 125, "departamen": "RIVADAVIA", "codigo_dep": "10", "distrito": "LOS ARBOLES", "codigo_dis": "08", "globalid": "{3652BCF1-CA97-4369-A249-DAD2A98F9D1D}", "created_date": 1739199530000, "created_user": "ugdt_admin", "last_edited_date": 1739199530000, "last_edited_user": "ugdt_admin", "shape_Length": 21743.657852667649, "shape_Area": 22734943.568922844 }, "geometry": { "type": "Polygon", "coordinates": [ [ [ -68.560315383343138, -33.160531612649066 ], [ -68.560922012959551, -33.160821837271897 ], [ -68.561110752594033, -33.161236347348868 ], [ -68.561887877959776, -33.161701415905981 ], [ -68.561906732699285, -33.161712700519274 ], [ -68.563837253567357, -33.162867972226636 ], [ -68.563975647121708, -33.163062306030419 ], [ -68.565385304126821, -33.163715513635474 ], [ -68.566096554236168, -33.16382890230247 ], [ -68.567201872802784, -33.164464795803141 ], [ -68.571474478584662, -33.16609171418655 ], [ -68.572146604368456, -33.166399457770176 ], [ -68.572377260292384, -33.166505065386239 ], [ -68.572600972239172, -33.166715428261782 ], [ -68.572620405493709, -33.166733701731999 ], [ -68.573072895885474, -33.167159445214054 ], [ -68.57557561484343, -33.169271642279 ], [ -68.575660062768364, -33.169342909796299 ], [ -68.575987542706869, -33.169494653666128 ], [ -68.576507626832182, -33.16972608694352 ], [ -68.577168532658078, -33.169997224828563 ], [ -68.578259486264969, -33.17042074854848 ], [ -68.579591218012425, -33.170937728102125 ], [ -68.582099113961391, -33.171659662072749 ], [ -68.586043954140493, -33.172795116158532 ], [ -68.59459694331801, -33.174625591346455 ], [ -68.59547783757381, -33.179699723207541 ], [ -68.602178432363502, -33.186395172406527 ], [ -68.604381075389014, -33.188091758701667 ], [ -68.605349604792366, -33.196120236882919 ], [ -68.605761900066753, -33.199165665551739 ], [ -68.603681936366328, -33.198039061640181 ], [ -68.60077265248718, -33.197100165489637 ], [ -68.598866494827917, -33.196502464797646 ], [ -68.595552768746614, -33.196153599335361 ], [ -68.592837146371352, -33.196820838950089 ], [ -68.590418488164417, -33.198418566820457 ], [ -68.58719845097734, -33.199506513596567 ], [ -68.582782750757218, -33.198477604670487 ], [ -68.579975783192296, -33.197200460662081 ], [ -68.576568561354549, -33.195414229623623 ], [ -68.574559260032686, -33.195407355918178 ], [ -68.571977174919354, -33.19540505716575 ], [ -68.568563124088797, -33.195055216860275 ], [ -68.563537537859347, -33.195544711905029 ], [ -68.557103662758962, -33.196366998606997 ], [ -68.553464291098962, -33.19627539149797 ], [ -68.544324671498202, -33.155347690862165 ], [ -68.5443928778828, -33.155327166355256 ], [ -68.544472915079652, -33.15530138869287 ], [ -68.544551964129724, -33.155273243532001 ], [ -68.544630073541995, -33.155243233999983 ], [ -68.544707283740649, -33.155211843671047 ], [ -68.544783481537991, -33.155178838652226 ], [ -68.544858931038718, -33.155144532551937 ], [ -68.544934073315602, -33.155109687208849 ], [ -68.545009348543161, -33.155075062206528 ], [ -68.545085199590787, -33.155041419386052 ], [ -68.545162094480801, -33.155009561953023 ], [ -68.545240214672845, -33.154979744859297 ], [ -68.545318936736138, -33.154950946803048 ], [ -68.545397572561185, -33.154922037431781 ], [ -68.545475434038408, -33.154891892407854 ], [ -68.545551674954893, -33.154859123417161 ], [ -68.545624723258854, -33.154821146358749 ], [ -68.545696670228281, -33.154781441035915 ], [ -68.545770467727181, -33.154744913175918 ], [ -68.545847888131632, -33.154714434173513 ], [ -68.545927114149791, -33.154686885965461 ], [ -68.546007478333422, -33.154661332230894 ], [ -68.546088424625353, -33.154637030681094 ], [ -68.546169418528009, -33.15461326685287 ], [ -68.546251160727294, -33.15459117486489 ], [ -68.546334049176878, -33.154572386705837 ], [ -68.546417904213698, -33.154557009171484 ], [ -68.546502662057392, -33.154541957279982 ], [ -68.546587793600239, -33.154530483726873 ], [ -68.546672706852476, -33.154526848228684 ], [ -68.546757688376658, -33.154531775780178 ], [ -68.546842975328047, -33.154542141536659 ], [ -68.546927681967773, -33.154557075353459 ], [ -68.547010918963679, -33.154575713102226 ], [ -68.547092001799527, -33.154598045003709 ], [ -68.547171388616135, -33.154624929164093 ], [ -68.54724983848989, -33.154654480146647 ], [ -68.547328099717447, -33.154684671880318 ], [ -68.547406924188692, -33.154713481304988 ], [ -68.54748672602696, -33.154739850264413 ], [ -68.547567030921769, -33.154765143761168 ], [ -68.547647578361733, -33.154789919077103 ], [ -68.547728125801669, -33.154814689873625 ], [ -68.547808455849335, -33.154839955522377 ], [ -68.547888734693004, -33.154865363304182 ], [ -68.547969362083023, -33.154889903195397 ], [ -68.548050659616237, -33.154912781016073 ], [ -68.548132470087481, -33.154934433717209 ], [ -68.548214663241026, -33.154955065861259 ], [ -68.548297140262221, -33.154974793266867 ], [ -68.548380022423572, -33.154993275249552 ], [ -68.548463263012749, -33.155010653198154 ], [ -68.548546673383512, -33.155027425731767 ], [ -68.548630205026825, -33.155043714685071 ], [ -68.548713855247783, -33.155059586239972 ], [ -68.548797544994585, -33.155075317156097 ], [ -68.54888119791049, -33.155091184944979 ], [ -68.548964711587502, -33.155107567894355 ], [ -68.549048022245273, -33.155124756300388 ], [ -68.549131353564277, -33.155141843174526 ], [ -68.549214955276199, -33.155157798942732 ], [ -68.549299069027839, -33.155171635395071 ], [ -68.549383645411822, -33.155183542052406 ], [ -68.549468393374042, -33.155194732744562 ], [ -68.549553048809798, -33.155206309243312 ], [ -68.549637856060826, -33.155217357792765 ], [ -68.54972276931305, -33.15522800398746 ], [ -68.549807583750592, -33.155239014179003 ], [ -68.549892091862631, -33.155251151710253 ], [ -68.549976088833276, -33.15526518293197 ], [ -68.550059386016315, -33.155281877202455 ], [ -68.550142033717393, -33.155301100653254 ], [ -68.550224198124866, -33.155322044816558 ], [ -68.550306040037142, -33.155343891448453 ], [ -68.550387684320057, -33.155365964445338 ], [ -68.550468739308144, -33.155389462592098 ], [ -68.550549371189732, -33.155414066261827 ], [ -68.550629968037015, -33.155438754907493 ], [ -68.550711102076846, -33.155462248522397 ], [ -68.550792740969854, -33.15548472760193 ], [ -68.55087364504098, -33.155508679209028 ], [ -68.550952586293207, -33.155536547536364 ], [ -68.551030339972613, -33.15556678484203 ], [ -68.551107685816916, -33.155597832857005 ], [ -68.551184713657577, -33.155629511838413 ], [ -68.551261517817736, -33.155661639035273 ], [ -68.551338190823856, -33.155694031696946 ], [ -68.551414822507482, -33.155726507825122 ], [ -68.551491508988349, -33.155758884669616 ], [ -68.551568340996283, -33.155790979480621 ], [ -68.55164543351566, -33.155822573409793 ], [ -68.551722904225755, -33.155853516798324 ], [ -68.551800394698802, -33.155884421821042 ], [ -68.551877473743431, -33.155916013460377 ], [ -68.551954640822956, -33.155947881844959 ], [ -68.552032484333907, -33.155979234307672 ], [ -68.552108923778079, -33.156012311974699 ], [ -68.552181800503803, -33.156049437190802 ], [ -68.552245798281277, -33.156096527118649 ], [ -68.552302912268729, -33.156151475237927 ], [ -68.552366369260398, -33.156199601441408 ], [ -68.552437422406115, -33.156239412913841 ], [ -68.55251102586891, -33.156276455307946 ], [ -68.55258572886963, -33.156312356069918 ], [ -68.552660074340849, -33.156348743395291 ], [ -68.552732646537706, -33.156387216146847 ], [ -68.552803322391, -33.156428048068697 ], [ -68.552873182574032, -33.156469934348003 ], [ -68.552943279013945, -33.156511516026534 ], [ -68.553014609739094, -33.156551509353697 ], [ -68.553087036408883, -33.156590133178462 ], [ -68.553160213171921, -33.15662778458519 ], [ -68.553233987314627, -33.156664577134634 ], [ -68.553308540296683, -33.156700191206831 ], [ -68.553384213477898, -33.156734183846055 ], [ -68.553459896540588, -33.156768153910619 ], [ -68.553534394725418, -33.156803813063682 ], [ -68.553607426859713, -33.156841559136765 ], [ -68.553679727765356, -33.156880339259793 ], [ -68.553751697192652, -33.156919593907851 ], [ -68.553823734891921, -33.156958763556972 ], [ -68.553896239715115, -33.156997290188279 ], [ -68.553969345511263, -33.157034985038933 ], [ -68.554042672292951, -33.157072376798617 ], [ -68.554116152686561, -33.157109562481722 ], [ -68.554189727403283, -33.157146620301248 ], [ -68.554263338052607, -33.157183626213978 ], [ -68.554336931633955, -33.157220659936748 ], [ -68.554410447960166, -33.157257795922014 ], [ -68.554483830437405, -33.157295113886349 ], [ -68.554557022471812, -33.157332690537999 ], [ -68.554629630601283, -33.157371092917828 ], [ -68.554701626079748, -33.157410354866656 ], [ -68.554773554184536, -33.15744969275427 ], [ -68.554845955701481, -33.157488321447779 ], [ -68.55491942711194, -33.157525381363406 ], [ -68.554996375002546, -33.157557343168506 ], [ -68.5550739139846, -33.157588376942037 ], [ -68.55514755517666, -33.157625045753655 ], [ -68.555219432975804, -33.157664400089885 ], [ -68.555290175304421, -33.157705324670232 ], [ -68.555359810010316, -33.157747544245574 ], [ -68.55542815024387, -33.157791070846692 ], [ -68.555494461183187, -33.157836910701114 ], [ -68.555559848654397, -33.157883802634842 ], [ -68.55562568528326, -33.157930130514188 ], [ -68.555693343695509, -33.157974278208712 ], [ -68.555763815631252, -33.158015084574416 ], [ -68.555836287216792, -33.158053515232851 ], [ -68.555910069444337, -33.158090374867598 ], [ -68.555984535289809, -33.158126386940609 ], [ -68.556059056830847, -33.158162280176981 ], [ -68.55613328641941, -33.158198428339148 ], [ -68.556208188846099, -33.158233613127599 ], [ -68.556283344597716, -33.158268435420503 ], [ -68.556358066463048, -33.158303831502991 ], [ -68.556431668129221, -33.158340736154635 ], [ -68.556503626776745, -33.158379905169021 ], [ -68.556574218188388, -33.158420923419811 ], [ -68.556643955302206, -33.158462988483585 ], [ -68.55671320642746, -33.158505519036304 ], [ -68.556781689493164, -33.158548952009042 ], [ -68.556849456601569, -33.158593177603521 ], [ -68.556916463735234, -33.158638181529923 ], [ -68.55698112716432, -33.158685664884935 ], [ -68.557047218016407, -33.158731550145703 ], [ -68.557116651499655, -33.158773796300146 ], [ -68.557187209673657, -33.158814817374818 ], [ -68.557258455957168, -33.158855045037427 ], [ -68.55732995826051, -33.158894898922227 ], [ -68.557402107350882, -33.158933888705825 ], [ -68.557474836752903, -33.158972145242643 ], [ -68.557547411644705, -33.159010589018223 ], [ -68.557619090916162, -33.159050143524574 ], [ -68.55768955297043, -33.159091229896525 ], [ -68.557759146353803, -33.159133402178902 ], [ -68.557828108221557, -33.1591763129329 ], [ -68.557896542778195, -33.159219767382197 ], [ -68.557963486131499, -33.159264852206029 ], [ -68.558030364806072, -33.15931001596956 ], [ -68.558097734859118, -33.159354893939586 ], [ -68.558164839010843, -33.159400308081558 ], [ -68.558233481078332, -33.159443531547844 ], [ -68.558305828696376, -33.159481291525282 ], [ -68.558385515550285, -33.159508171932693 ], [ -68.558465779122599, -33.15953446800814 ], [ -68.558540778567362, -33.159569116818716 ], [ -68.558614128705258, -33.159606584204447 ], [ -68.558686190659031, -33.159645938403472 ], [ -68.558757097379356, -33.159686582306129 ], [ -68.558824978573796, -33.159731690954736 ], [ -68.558890554691232, -33.159780164132314 ], [ -68.558958067576398, -33.159824597416218 ], [ -68.559031851600579, -33.15985729987765 ], [ -68.559114997866644, -33.15987143639758 ], [ -68.559202264704936, -33.159878142933877 ], [ -68.559286755748957, -33.159892570483109 ], [ -68.559368283250876, -33.159914423496687 ], [ -68.559449414595775, -33.15993753614157 ], [ -68.559530243208414, -33.159961613624205 ], [ -68.559610859818648, -33.159986362655474 ], [ -68.55969135785125, -33.160011491450476 ], [ -68.559771828036091, -33.160036705968714 ], [ -68.559852362899619, -33.160061712921902 ], [ -68.559933055866651, -33.160086219774257 ], [ -68.559949925329377, -33.160356766305782 ], [ -68.560315383343138, -33.160531612649066 ] ] ] } },
{ "type": "Feature", "properties": { "fid": 127, "departamen": "RIVADAVIA", "codigo_dep": "10", "distrito": "MUNDO NUEVO", "codigo_dis": "11", "globalid": "{463B95D4-06A9-4FA7-B128-1B26EECDFD42}", "created_date": 1739199530000, "created_user": "ugdt_admin", "last_edited_date": 1739199530000, "last_edited_user": "ugdt_admin", "shape_Length": 13602.030770508101, "shape_Area": 5068403.4419098236 }, "geometry": { "type": "Polygon", "coordinates": [ [ [ -68.442921654654, -33.163554305733143 ], [ -68.453825466658074, -33.178133129989327 ], [ -68.451885126305612, -33.178293364484112 ], [ -68.449745238687555, -33.178283902269264 ], [ -68.446870817526261, -33.178102351603712 ], [ -68.445751059439758, -33.177861948852588 ], [ -68.442144291234669, -33.177879161368928 ], [ -68.4398247369665, -33.178018659843467 ], [ -68.438034933594423, -33.178042934612492 ], [ -68.43632402027059, -33.178066114657277 ], [ -68.435371964172916, -33.178195138599158 ], [ -68.433723115452082, -33.17880451429361 ], [ -68.43098255225128, -33.180372963847823 ], [ -68.4285572330365, -33.181528963264952 ], [ -68.424705805070502, -33.183141654699668 ], [ -68.418742443261451, -33.186293774755967 ], [ -68.416587539405072, -33.187096560454627 ], [ -68.411405773876965, -33.188439310596245 ], [ -68.408546463277077, -33.189226083465186 ], [ -68.406636797696621, -33.190401326160099 ], [ -68.40661316481814, -33.190416908651748 ], [ -68.40546721724786, -33.189416681926737 ], [ -68.405510456755735, -33.189391539008348 ], [ -68.407808208911959, -33.188050806207237 ], [ -68.407822056442072, -33.188042880182557 ], [ -68.411865430129751, -33.184105107400747 ], [ -68.411894505002238, -33.184076788043782 ], [ -68.411971328925333, -33.184014146808614 ], [ -68.414468853824332, -33.18194489563615 ], [ -68.420260561057333, -33.179399347883738 ], [ -68.424646730060815, -33.176820734571272 ], [ -68.430012502000139, -33.173566014689975 ], [ -68.438234147585092, -33.166081616744329 ], [ -68.438297292861364, -33.166047572834778 ], [ -68.442921654654, -33.163554305733143 ] ] ] } },
{ "type": "Feature", "properties": { "fid": 128, "departamen": "RIVADAVIA", "codigo_dep": "10", "distrito": "REDUCCION", "codigo_dis": "09", "globalid": "{FB6E9916-BD6B-45AC-B471-2EBC4A4693B3}", "created_date": 1739199530000, "created_user": "ugdt_admin", "last_edited_date": 1739199530000, "last_edited_user": "ugdt_admin", "shape_Length": 43268.56783078712, "shape_Area": 52100990.145588532 }, "geometry": { "type": "Polygon", "coordinates": [ [ [ -68.553464291098962, -33.19627539149797 ], [ -68.557103662758962, -33.196366998606997 ], [ -68.563537537859347, -33.195544711905029 ], [ -68.568563124088797, -33.195055216860275 ], [ -68.571977174919354, -33.19540505716575 ], [ -68.574559260032686, -33.195407355918178 ], [ -68.576568561354549, -33.195414229623623 ], [ -68.579975783192296, -33.197200460662081 ], [ -68.582782750757218, -33.198477604670487 ], [ -68.58719845097734, -33.199506513596567 ], [ -68.590418488164417, -33.198418566820457 ], [ -68.592837146371352, -33.196820838950089 ], [ -68.595552768746614, -33.196153599335361 ], [ -68.598866494827917, -33.196502464797646 ], [ -68.60077265248718, -33.197100165489637 ], [ -68.603681936366328, -33.198039061640181 ], [ -68.605761900066753, -33.199165665551739 ], [ -68.608384503690971, -33.200586098773243 ], [ -68.612199396276026, -33.201274117528733 ], [ -68.615112543809218, -33.201367763940915 ], [ -68.624559281235932, -33.200805169125879 ], [ -68.633974430303994, -33.199483502339987 ], [ -68.641333504569985, -33.197443855484224 ], [ -68.640464906453772, -33.198579413673045 ], [ -68.63888905483293, -33.199991276750005 ], [ -68.639010809791586, -33.200895053928953 ], [ -68.639536343995715, -33.201409603187734 ], [ -68.640185136938328, -33.201682874719445 ], [ -68.639017218372828, -33.204053620824574 ], [ -68.639034116581641, -33.204095866929961 ], [ -68.639047773668892, -33.204130063673546 ], [ -68.639061412789857, -33.204164265665241 ], [ -68.639075159708653, -33.204198433819691 ], [ -68.63908913749448, -33.204232530554833 ], [ -68.639103472809779, -33.204266516033755 ], [ -68.63911828782544, -33.204300351922853 ], [ -68.639133392098614, -33.204334103615111 ], [ -68.639148602373012, -33.20436782823527 ], [ -68.639163940208192, -33.204401519018617 ], [ -68.639179425367047, -33.204435163187334 ], [ -68.639195076714245, -33.204468753225036 ], [ -68.639210916707654, -33.204502279360504 ], [ -68.639226963313561, -33.204535732574122 ], [ -68.639243239888216, -33.20456910309467 ], [ -68.639259764397849, -33.204602380399329 ], [ -68.639276555707141, -33.204635557723378 ], [ -68.639293391033874, -33.204668747061113 ], [ -68.639310153597094, -33.204702008543478 ], [ -68.639326935923222, -33.204735292562319 ], [ -68.639343828742156, -33.204768546503047 ], [ -68.639360926376952, -33.204801722260854 ], [ -68.639378320455776, -33.204834769476271 ], [ -68.639396104403474, -33.204867637038092 ], [ -68.63941436984814, -33.204900275338545 ], [ -68.639433212011227, -33.204932634769953 ], [ -68.639452718927615, -33.2049646642214 ], [ -68.639472987615378, -33.204996312582054 ], [ -68.639494329789898, -33.205027435538391 ], [ -68.639517054471639, -33.205057895541799 ], [ -68.639540912827272, -33.205087812102889 ], [ -68.639565639853771, -33.20511731224839 ], [ -68.639590970548156, -33.205146520749963 ], [ -68.639616641704038, -33.205175561627456 ], [ -68.639642389216718, -33.205204561907124 ], [ -68.639667949879808, -33.205233644856833 ], [ -68.639693059588637, -33.205262938254123 ], [ -68.63971703113198, -33.205293103535553 ], [ -68.639739623761372, -33.205324540568746 ], [ -68.639761592959971, -33.205356559353945 ], [ -68.639783708583948, -33.205388462376128 ], [ -68.639806732404679, -33.205419553624523 ], [ -68.639831431583417, -33.205449135586029 ], [ -68.639858573281401, -33.205476509996899 ], [ -68.639888921066643, -33.205500980097277 ], [ -68.639922602499922, -33.205522429386868 ], [ -68.639956995398876, -33.205543232268901 ], [ -68.639991710793041, -33.205563746519921 ], [ -68.640026728021127, -33.205583987172702 ], [ -68.640062030913469, -33.205603970763349 ], [ -68.640097600605472, -33.205623711572976 ], [ -68.640133419130791, -33.205643227640856 ], [ -68.640169471218087, -33.205662535502995 ], [ -68.640205736206099, -33.205681647185621 ], [ -68.640242198823486, -33.205700582231195 ], [ -68.640278841103935, -33.205719356424062 ], [ -68.640315643284495, -33.205737984045271 ], [ -68.640352590992137, -33.205756481630729 ], [ -68.640389663565571, -33.205774864964731 ], [ -68.640426845733501, -33.205793151334809 ], [ -68.640464117732961, -33.205811354270352 ], [ -68.640501464292583, -33.205829491810405 ], [ -68.640538864751136, -33.205847578987687 ], [ -68.640576303837221, -33.205865633089573 ], [ -68.640613763584582, -33.205883667645416 ], [ -68.640651226026861, -33.205901699942693 ], [ -68.640688672299476, -33.205919747268766 ], [ -68.640726086232746, -33.205937821649712 ], [ -68.640763449860358, -33.205955942627803 ], [ -68.640800747012648, -33.205974125235564 ], [ -68.640837957028353, -33.205992385257055 ], [ -68.640875064636106, -33.206010737724839 ], [ -68.640912049174673, -33.20602920067784 ], [ -68.640948897169295, -33.20604778914857 ], [ -68.640985587958767, -33.206066516666148 ], [ -68.641115709825996, -33.20612574553337 ], [ -68.641191151241856, -33.206160110599669 ], [ -68.64126658457289, -33.206194489181733 ], [ -68.641342010717423, -33.206228879776305 ], [ -68.641417430573739, -33.206263284638219 ], [ -68.641492843243512, -33.206297698506098 ], [ -68.641568251421731, -33.206332125138061 ], [ -68.641643654210043, -33.206366560024364 ], [ -68.641719052506772, -33.206401003164949 ], [ -68.641794445413638, -33.206435454559838 ], [ -68.641869834727217, -33.206469912705757 ], [ -68.641945221345864, -33.206504378354339 ], [ -68.642020605269565, -33.206538849250741 ], [ -68.642095986498319, -33.206573323891647 ], [ -68.642171365032127, -33.20660780227707 ], [ -68.642246742667609, -33.206642282903807 ], [ -68.642322119404795, -33.206676766523408 ], [ -68.642397495243642, -33.206711252384338 ], [ -68.642472870184193, -33.206745737480006 ], [ -68.642548246921365, -33.206780221810497 ], [ -68.642623622760212, -33.206814704624158 ], [ -68.642699001294034, -33.206849185169396 ], [ -68.642774380726152, -33.206883662694551 ], [ -68.642849761056596, -33.206918137199658 ], [ -68.642925146776903, -33.206952606429859 ], [ -68.643000534293876, -33.206987070385175 ], [ -68.64307592450578, -33.207021526810735 ], [ -68.643151320107577, -33.207055977209762 ], [ -68.643226719302632, -33.207090419327471 ], [ -68.64330212388758, -33.207124853163819 ], [ -68.64337753386242, -33.207159275712407 ], [ -68.643452949227139, -33.207193687724811 ], [ -68.643528370880105, -33.20722808995265 ], [ -68.643603799719543, -33.207262477886282 ], [ -68.643679236643848, -33.207296853780576 ], [ -68.643754678958047, -33.207331214629065 ], [ -68.643830131153692, -33.207365561934992 ], [ -68.643905591434191, -33.207399892691889 ], [ -68.643981061596151, -33.207434206899826 ], [ -68.644056540741275, -33.207468504558811 ], [ -68.64413202976786, -33.207502783414007 ], [ -68.644207529574231, -33.207537042713831 ], [ -68.644283040160389, -33.207571282458311 ], [ -68.644358561526317, -33.207605501895841 ], [ -68.644434096366993, -33.207639698771622 ], [ -68.644509641089115, -33.207673873837287 ], [ -68.644585200184295, -33.207708025589625 ], [ -68.644660771855897, -33.207742154028679 ], [ -68.644736357900527, -33.20777625614803 ], [ -68.644811958318215, -33.207810333450929 ], [ -68.644887572210621, -33.207844382179346 ], [ -68.644963201374395, -33.207878405339748 ], [ -68.645038845809509, -33.207912400677372 ], [ -68.645114508210952, -33.207946364434179 ], [ -68.645190185883763, -33.207980299616601 ], [ -68.645265879726225, -33.208014204721515 ], [ -68.645341689451371, -33.208047913643348 ], [ -68.645420110579025, -33.208077130937966 ], [ -68.645501017345097, -33.208101734849301 ], [ -68.645582761341004, -33.208124137292721 ], [ -68.645664770339934, -33.208145364215085 ], [ -68.645747850130675, -33.208163866553086 ], [ -68.645831795897337, -33.208178853616879 ], [ -68.64591702894981, -33.208189349821254 ], [ -68.646003595102158, -33.208196341277279 ], [ -68.646090499919382, -33.208202194047018 ], [ -68.646176749864765, -33.208209270433684 ], [ -68.646261351401577, -33.208219937249332 ], [ -68.646343308298199, -33.208236559049745 ], [ -68.646421737510721, -33.208261520681319 ], [ -68.64649675671842, -33.208295187417903 ], [ -68.646568934554878, -33.20833528639109 ], [ -68.646638829772186, -33.208379419968239 ], [ -68.646707003817397, -33.208425187514223 ], [ -68.646773797152036, -33.208470614559019 ], [ -68.646837286483063, -33.208518869869998 ], [ -68.646898249751501, -33.208569764789765 ], [ -68.646958412621032, -33.208621532292327 ], [ -68.647019498958656, -33.208672397088257 ], [ -68.647083202088709, -33.208720623727054 ], [ -68.647149798692311, -33.208766008528777 ], [ -68.647218254808536, -33.208809572925624 ], [ -68.647287624511407, -33.208852182766044 ], [ -68.647357027451946, -33.208894640762161 ], [ -68.647426953211976, -33.208936443341216 ], [ -68.647497399096551, -33.208977659651488 ], [ -68.647567889896891, -33.209018817317471 ], [ -68.647637957590746, -33.209060446969147 ], [ -68.647707109002994, -33.209103116063829 ], [ -68.647773458569887, -33.20914959274144 ], [ -68.647838318730024, -33.209197970188768 ], [ -68.647904881197633, -33.209243490030751 ], [ -68.647976368229621, -33.209281372105607 ], [ -68.648055397516757, -33.209308141784639 ], [ -68.648139209434433, -33.209327087319714 ], [ -68.648223619630116, -33.209343081325578 ], [ -68.648308060368507, -33.209356704037397 ], [ -68.648393533271161, -33.209367518026369 ], [ -68.648479156192465, -33.209377673614462 ], [ -68.648564047885117, -33.209389315109767 ], [ -68.648647331593438, -33.209404590577137 ], [ -68.64872775147262, -33.209426471830191 ], [ -68.648802431117133, -33.209461297081155 ], [ -68.64887404930316, -33.209502833324393 ], [ -68.648946263072204, -33.209542632609065 ], [ -68.649018228906257, -33.209582022255823 ], [ -68.649090317809495, -33.209621190915797 ], [ -68.649164683043651, -33.209656973621648 ], [ -68.649243211969178, -33.209686687183471 ], [ -68.649320187707531, -33.209718405238355 ], [ -68.649392990771432, -33.209757142422099 ], [ -68.649465321321486, -33.20979807048537 ], [ -68.649533088429877, -33.209842843682743 ], [ -68.649591689129124, -33.209893562711414 ], [ -68.649631142238078, -33.209956952812597 ], [ -68.649663324383155, -33.210025564929907 ], [ -68.649709471737609, -33.210085575028252 ], [ -68.649775009227469, -33.210133933920048 ], [ -68.649827558874946, -33.210189799673159 ], [ -68.649869281128332, -33.210252810006786 ], [ -68.649908767474969, -33.210317573753557 ], [ -68.649944995632055, -33.210383744427048 ], [ -68.649976938825233, -33.210450971783864 ], [ -68.650003563991945, -33.210518910842751 ], [ -68.650017279469694, -33.210589154967018 ], [ -68.650019584546712, -33.210661828914532 ], [ -68.650021436872848, -33.210734816213026 ], [ -68.650031779176715, -33.210806435565296 ], [ -68.650046461241701, -33.210877618939797 ], [ -68.650064549718266, -33.210948248338852 ], [ -68.650086384169569, -33.211017921666603 ], [ -68.650112114614245, -33.21108666673392 ], [ -68.650140731345957, -33.211154750354765 ], [ -68.650170960553567, -33.211222369445061 ], [ -68.650201947040998, -33.211289622463049 ], [ -68.650235061637289, -33.211356168191962 ], [ -68.650269590181864, -33.211422235113773 ], [ -68.650305489555578, -33.21148778414738 ], [ -68.650344215927461, -33.211552325264513 ], [ -68.650376740330643, -33.211618899353667 ], [ -68.650405175602657, -33.21168696527414 ], [ -68.650433380905937, -33.211755231812845 ], [ -68.650460971761575, -33.211823725274421 ], [ -68.650487560097361, -33.211892471211932 ], [ -68.650512762332667, -33.21196149592997 ], [ -68.650536190395272, -33.212030824981383 ], [ -68.650557459806251, -33.212100483167411 ], [ -68.65057328901986, -33.212171058969439 ], [ -68.650582033220843, -33.212242894350986 ], [ -68.650588261240699, -33.212315191139069 ], [ -68.650596583233494, -33.212387136883386 ], [ -68.650611338062035, -33.212458050661283 ], [ -68.65063314197063, -33.212528003874489 ], [ -68.650660544180056, -33.212596498985995 ], [ -68.650691928621114, -33.212663743432351 ], [ -68.650727406684965, -33.212729863480021 ], [ -68.650769050784902, -33.212792738957319 ], [ -68.65081853178738, -33.212851524357447 ], [ -68.650874927122601, -33.212906538353224 ], [ -68.650936373684658, -33.212956898612177 ], [ -68.651001099995824, -33.213004928234433 ], [ -68.651069186904479, -33.213049969603517 ], [ -68.651141285689178, -33.213088899216658 ], [ -68.651217895813232, -33.213119616456424 ], [ -68.651298198911448, -33.213144539868658 ], [ -68.651380722645015, -33.213165818183022 ], [ -68.651463986590386, -33.213185472360358 ], [ -68.651546669325754, -33.213205230249216 ], [ -68.651629976390254, -33.213222409515403 ], [ -68.651713863766432, -33.213237869198636 ], [ -68.651797532852001, -33.213253988001071 ], [ -68.651881298955615, -33.213269869306259 ], [ -68.651965141416028, -33.213285545431553 ], [ -68.652048801518433, -33.213301722847213 ], [ -68.652132024141295, -33.213319111780763 ], [ -68.652214284668503, -33.213339213104042 ], [ -68.65229380892734, -33.213367249429368 ], [ -68.652373962006891, -33.213392934104554 ], [ -68.652457459514238, -33.21340825922789 ], [ -68.652541765505333, -33.213421430369188 ], [ -68.652626539518678, -33.21343322539699 ], [ -68.652711623450813, -33.213443825438461 ], [ -68.652796862791504, -33.213453408614392 ], [ -68.652882103928818, -33.213462153045427 ], [ -68.652967293862147, -33.21346905990525 ], [ -68.653053253651692, -33.213465194619125 ], [ -68.653138849623545, -33.213466611314544 ], [ -68.653223856300556, -33.213477088847284 ], [ -68.653308153308501, -33.213490870998406 ], [ -68.653392298501174, -33.21350540997053 ], [ -68.653475997231126, -33.213521543754922 ], [ -68.653558729373842, -33.213540413973313 ], [ -68.653640669202488, -33.213561858286567 ], [ -68.653721914633437, -33.213585382165306 ], [ -68.653802186290591, -33.213611031453112 ], [ -68.653881241628852, -33.21363889107451 ], [ -68.653959228870235, -33.213668944493037 ], [ -68.654036425594185, -33.213700579184646 ], [ -68.654113094108723, -33.213733120246452 ], [ -68.654189662011973, -33.213765812359725 ], [ -68.654265964912199, -33.213799384537182 ], [ -68.654337835524842, -33.21383847991158 ], [ -68.654405913450304, -33.213882155268983 ], [ -68.654473086772313, -33.213927030843678 ], [ -68.65453942466111, -33.213972917241136 ], [ -68.654604997185274, -33.214019624315625 ], [ -68.654669875311725, -33.214066963424955 ], [ -68.654734068921925, -33.214114811312768 ], [ -68.654795890081473, -33.214164881527125 ], [ -68.65485591191549, -33.214216669018555 ], [ -68.65491599124168, -33.214268349758413 ], [ -68.654977987572707, -33.214318093709956 ], [ -68.655043540333921, -33.214364294052274 ], [ -68.655112074603593, -33.214407531742573 ], [ -68.655182520488168, -33.214448838669021 ], [ -68.655253941044833, -33.214489115195775 ], [ -68.655325393042531, -33.214529259430591 ], [ -68.655396211727961, -33.214570115367749 ], [ -68.655466956751525, -33.214611288441077 ], [ -68.655538404257655, -33.214651455166432 ], [ -68.655611320509252, -33.214689284546537 ], [ -68.655686753840314, -33.214723000667625 ], [ -68.655765892721874, -33.214750740438355 ], [ -68.655846562332727, -33.214776071478383 ], [ -68.65592630039059, -33.214803025109845 ], [ -68.656006366333557, -33.21482985096938 ], [ -68.656086690093005, -33.214856423548142 ], [ -68.656165687040783, -33.214884850193592 ], [ -68.656241764463857, -33.214917239001906 ], [ -68.656312522063857, -33.214956832154357 ], [ -68.656377821500172, -33.215003855857539 ], [ -68.65644162164827, -33.215052961325966 ], [ -68.656507432225993, -33.215099426576913 ], [ -68.656574142915616, -33.215144799803781 ], [ -68.656640949724988, -33.215190078312112 ], [ -68.656707503209446, -33.215235608565379 ], [ -68.656773459314238, -33.215281737026338 ], [ -68.656838696766798, -33.215328584693012 ], [ -68.656903491349922, -33.215375877249912 ], [ -68.656968148490805, -33.215423308065702 ], [ -68.657032978108234, -33.21547056900652 ], [ -68.657098365579444, -33.215517285803294 ], [ -68.657164583093987, -33.215563223974989 ], [ -68.657230952423802, -33.215609015571452 ], [ -68.657296692932931, -33.215655376062593 ], [ -68.657361025781995, -33.215703023922892 ], [ -68.657424432468034, -33.215751819363284 ], [ -68.657487140264749, -33.215801513621294 ], [ -68.657547418118625, -33.215853022825122 ], [ -68.657603532281144, -33.2159072615977 ], [ -68.657653934955121, -33.21596519942193 ], [ -68.657699819103215, -33.216026174183241 ], [ -68.657743717076187, -33.216088482885638 ], [ -68.65778816751309, -33.216150420283149 ], [ -68.657833824387396, -33.216211290451476 ], [ -68.657877710682286, -33.216273363039001 ], [ -68.657920115655273, -33.216336084911191 ], [ -68.657959342388779, -33.216400179797198 ], [ -68.657995514850327, -33.216465797249782 ], [ -68.658026542660238, -33.21653307103896 ], [ -68.658051811370868, -33.216601853108401 ], [ -68.658074624985829, -33.216671383652667 ], [ -68.658095592562873, -33.216741422930504 ], [ -68.658115204582145, -33.216811750741215 ], [ -68.658133954218769, -33.216882150642611 ], [ -68.658152014847559, -33.216952719582203 ], [ -68.658168823224841, -33.21702355300414 ], [ -68.658183713698975, -33.217094636628708 ], [ -68.658196025109959, -33.217165947909315 ], [ -68.658202257621397, -33.217237958806393 ], [ -68.658202849611158, -33.217310650529953 ], [ -68.658205540963763, -33.217382880002866 ], [ -68.658217969155714, -33.21745353270979 ], [ -68.658241178927696, -33.217522861919385 ], [ -68.65827178003785, -33.217590838325251 ], [ -68.658307280559569, -33.21765691106156 ], [ -68.658347013942915, -33.21772051874273 ], [ -68.658391788671608, -33.217782055924978 ], [ -68.658438727441833, -33.217842715282806 ], [ -68.658484856829986, -33.217903703766289 ], [ -68.6585308658439, -33.217994636672266 ], [ -68.658564455649014, -33.218061125447441 ], [ -68.658600617330762, -33.218126448560675 ], [ -68.658641446658748, -33.218189677884943 ], [ -68.65868658340851, -33.218251021596245 ], [ -68.658734338747337, -33.218311124503465 ], [ -68.658783023842474, -33.218370622395454 ], [ -68.658831064845558, -33.218430713947726 ], [ -68.658879537039965, -33.218490765628189 ], [ -68.658930688010557, -33.21854874758445 ], [ -68.658986772528692, -33.2186026314724 ], [ -68.659049943856104, -33.218651177294866 ], [ -68.659118707196157, -33.218695129063235 ], [ -68.659190300229341, -33.218735525381277 ], [ -68.659263981845598, -33.218772008531907 ], [ -68.659340744683249, -33.218804395149917 ], [ -68.65941825132596, -33.218835845366442 ], [ -68.659493360365175, -33.218871066679682 ], [ -68.659570234593943, -33.218902170423441 ], [ -68.659651640823299, -33.218925477933119 ], [ -68.659733338106818, -33.21894900713361 ], [ -68.659815318359634, -33.218972116230752 ], [ -68.659897569903691, -33.218994162679508 ], [ -68.65998008645073, -33.219014506189964 ], [ -68.660062859017657, -33.219032506472772 ], [ -68.660145878621265, -33.219047517226834 ], [ -68.660230129815119, -33.219053938918911 ], [ -68.660316264776142, -33.219046686051684 ], [ -68.660402153598767, -33.219033586399448 ], [ -68.66048603378843, -33.219018973945886 ], [ -68.660568588963045, -33.218998954339419 ], [ -68.660651095628609, -33.21897853417078 ], [ -68.660734307471714, -33.218960842749674 ], [ -68.660817674723333, -33.218943645822179 ], [ -68.660900608088681, -33.21892522767839 ], [ -68.66097972091913, -33.218893903748651 ], [ -68.661063250765821, -33.218878474373788 ], [ -68.661147827149819, -33.218862851105051 ], [ -68.661235573688458, -33.218862093576718 ], [ -68.661320478855842, -33.218861195514855 ], [ -68.661405992182679, -33.218871163625245 ], [ -68.661489462740562, -33.218892176765038 ], [ -68.661565709945251, -33.218923647240963 ], [ -68.661636385798545, -33.218964023162584 ], [ -68.661704187941254, -33.219009324494635 ], [ -68.66177116004063, -33.219055297657235 ], [ -68.66183257875494, -33.2191049960512 ], [ -68.661899052289314, -33.219150597164216 ], [ -68.661965568942833, -33.21919624860486 ], [ -68.662032273344252, -33.219241745210041 ], [ -68.662099312817276, -33.219286880314009 ], [ -68.662166832888985, -33.219331448003004 ], [ -68.662234981781381, -33.219375243115195 ], [ -68.662303906818181, -33.219418054477003 ], [ -68.66237552051264, -33.219457567435754 ], [ -68.662449756389393, -33.219493898480138 ], [ -68.662524308473138, -33.219529891329714 ], [ -68.662597003739208, -33.219568221361037 ], [ -68.662668468313313, -33.219608157351985 ], [ -68.66273931664314, -33.219648898191359 ], [ -68.662809545135417, -33.219690383005741 ], [ -68.66287921936717, -33.219732503576836 ], [ -68.662950519549597, -33.21977363213658 ], [ -68.663021486457026, -33.219815299508276 ], [ -68.663088031856645, -33.21986062519931 ], [ -68.663146492418704, -33.219912388277571 ], [ -68.663199250475358, -33.219968656607968 ], [ -68.663248731477836, -33.220027534883215 ], [ -68.663296432917733, -33.220087876300418 ], [ -68.663343849591698, -33.220148526544577 ], [ -68.663392479889609, -33.220208336564546 ], [ -68.663443782675472, -33.220266191129866 ], [ -68.663496751836206, -33.220323324213425 ], [ -68.663551160996334, -33.220379736568141 ], [ -68.663608261509054, -33.220433850791274 ], [ -68.663669310117442, -33.220484086477818 ], [ -68.663735338087449, -33.220529257764483 ], [ -68.663805558494886, -33.220570353635132 ], [ -68.663878310354818, -33.220609020634669 ], [ -68.663951921004141, -33.220646900044173 ], [ -68.664024719576446, -33.220685633141912 ], [ -68.664096167980901, -33.220725807599877 ], [ -68.664168513802309, -33.220765334246529 ], [ -68.664239959511789, -33.220805773947241 ], [ -68.664308319508265, -33.220849047532546 ], [ -68.664371986705731, -33.220896833846354 ], [ -68.664432579868276, -33.220948703775818 ], [ -68.66448856377508, -33.221004301103676 ], [ -68.664537715994172, -33.221063464250946 ], [ -68.664579472383522, -33.221125824976951 ], [ -68.664617487289718, -33.221190461189025 ], [ -68.664652272752463, -33.221256817526864 ], [ -68.664684093774781, -33.221324364182529 ], [ -68.664713212664708, -33.221392575858658 ], [ -68.664739782135882, -33.221460963331147 ], [ -68.664759572919891, -33.221530833446465 ], [ -68.664773135684058, -33.221602256841315 ], [ -68.664784351150374, -33.221674176162601 ], [ -68.664796764969282, -33.221745643026907 ], [ -68.664809836354991, -33.221816957280218 ], [ -68.664822709213027, -33.221888314310334 ], [ -68.664835001759371, -33.221959735158848 ], [ -68.664846325921829, -33.222031240867331 ], [ -68.664856301713058, -33.222102851725708 ], [ -68.664864350618004, -33.222174615077506 ], [ -68.664869568033183, -33.222246639136479 ], [ -68.664872981631248, -33.222318825457222 ], [ -68.664875876003094, -33.222391045535275 ], [ -68.664879540231141, -33.222463170115063 ], [ -68.664885259804564, -33.222535071444462 ], [ -68.664894196245001, -33.222606675127082 ], [ -68.664903890863542, -33.222679294756674 ], [ -68.664915391095818, -33.222752227694315 ], [ -68.664932033284771, -33.222823696683896 ], [ -68.664957151976751, -33.222891925226541 ], [ -68.664993333421435, -33.222955574942105 ], [ -68.665037635636324, -33.223016251754537 ], [ -68.665087715815076, -33.223074826635269 ], [ -68.665141709055248, -33.223131857186388 ], [ -68.665197753149172, -33.223187904765766 ], [ -68.665253982296079, -33.223243527723824 ], [ -68.665309035548262, -33.223299049196982 ], [ -68.665366855611524, -33.223352484533031 ], [ -68.665426883733758, -33.223404437923435 ], [ -68.665486802261526, -33.223456396543313 ], [ -68.665544297134659, -33.223509847564266 ], [ -68.665597052496352, -33.223566278154109 ], [ -68.665643662483177, -33.223626523947573 ], [ -68.665686022540399, -33.223689385583164 ], [ -68.665726723409293, -33.223753281953549 ], [ -68.665768356729444, -33.223816628950011 ], [ -68.665813512343831, -33.223877845474362 ], [ -68.665866270400485, -33.223934514795104 ], [ -68.665925524174924, -33.223987320009314 ], [ -68.665983607444574, -33.224040760936695 ], [ -68.6660332025331, -33.22409914500922 ], [ -68.666078507267827, -33.224160342549084 ], [ -68.666122824754055, -33.224222377935391 ], [ -68.666165842378049, -33.224285206829592 ], [ -68.666207243034549, -33.22434878714774 ], [ -68.666246712313182, -33.224413075303055 ], [ -68.666283933108659, -33.22447802996318 ], [ -68.666318591908976, -33.224543603784198 ], [ -68.666345111972774, -33.224611593521914 ], [ -68.666361915858488, -33.224682667975578 ], [ -68.666376503600375, -33.224754486322453 ], [ -68.666396385114254, -33.224824702487012 ], [ -68.666426700560137, -33.224891742155229 ], [ -68.666463774930222, -33.224956775363644 ], [ -68.666504038319587, -33.225020830869944 ], [ -68.666544035807618, -33.225084899855652 ], [ -68.666582991249896, -33.225149182209741 ], [ -68.666622697683778, -33.225213165434823 ], [ -68.666662656544247, -33.225277044911493 ], [ -68.666702357588221, -33.225341021279903 ], [ -68.66674129147097, -33.225405289168009 ], [ -68.666778947949354, -33.225470051469216 ], [ -68.666813265389848, -33.225536255020565 ], [ -68.666841874036692, -33.225605027757723 ], [ -68.666870055983793, -33.225673817724328 ], [ -68.666903545177576, -33.225739853546543 ], [ -68.666947778222166, -33.225800493860682 ], [ -68.667002479334755, -33.225855821338172 ], [ -68.667062907207296, -33.225908213594849 ], [ -68.667124306158655, -33.225960092576216 ], [ -68.667181919609405, -33.226013878719037 ], [ -68.667230996369995, -33.226071988696724 ], [ -68.667269776640808, -33.226135322742252 ], [ -68.667301420695011, -33.226202273485974 ], [ -68.66732904119506, -33.226271241077157 ], [ -68.667355755294977, -33.226340630929947 ], [ -68.667384650504417, -33.226408865746947 ], [ -68.667415850790846, -33.226476163451572 ], [ -68.667447101382947, -33.226543481393577 ], [ -68.66747672602439, -33.226611188534697 ], [ -68.667503034085797, -33.22667965759274 ], [ -68.66752178012915, -33.226749898512615 ], [ -68.667535226112335, -33.226821348455644 ], [ -68.667549489562404, -33.22689253157656 ], [ -68.66756434051068, -33.226963608685587 ], [ -68.667578409924658, -33.227034782673371 ], [ -68.66759063599568, -33.227106147470352 ], [ -68.667598871750201, -33.227177975850566 ], [ -68.667603480107616, -33.227250243015149 ], [ -68.667609134104012, -33.22732232301059 ], [ -68.667620567860951, -33.227393575607977 ], [ -68.667638614116697, -33.227463922659361 ], [ -68.667659681406732, -33.227533876650121 ], [ -68.667682627074043, -33.227603564574821 ], [ -68.667706310258183, -33.227673114178934 ], [ -68.667729590997084, -33.227742656964772 ], [ -68.667751329328638, -33.227812319174184 ], [ -68.667754221005552, -33.227882973227196 ], [ -68.667787190074804, -33.22794967315577 ], [ -68.667820114228263, -33.228017884925833 ], [ -68.667854262785468, -33.228086004967388 ], [ -68.667890928422125, -33.228152427461104 ], [ -68.667931405610503, -33.228215547343872 ], [ -68.6679769852297, -33.228273758054065 ], [ -68.668040967735806, -33.228319440051386 ], [ -68.668126941000082, -33.228344543986843 ], [ -68.668211326941261, -33.228350646388179 ], [ -68.668295214317425, -33.22833475730021 ], [ -68.668380278486623, -33.228315539352415 ], [ -68.66846547201321, -33.228311435014398 ], [ -68.668551156918269, -33.228314549712543 ], [ -68.668636997231886, -33.228321444879818 ], [ -68.668722506965452, -33.228330637182978 ], [ -68.668807250436103, -33.228341570559515 ], [ -68.668891347119754, -33.228355920708083 ], [ -68.668975214732981, -33.228371688811244 ], [ -68.669059276382328, -33.228386508601389 ], [ -68.669143998293407, -33.22839806490996 ], [ -68.66922968948667, -33.228406032367282 ], [ -68.669315746294259, -33.228412532273012 ], [ -68.669401471623502, -33.228419836964171 ], [ -68.669486159398602, -33.228430212765517 ], [ -68.669569117018469, -33.228445927503472 ], [ -68.669650469348895, -33.228468111331416 ], [ -68.669730271187177, -33.228495743046331 ], [ -68.669808105714964, -33.22852762410723 ], [ -68.669883556113987, -33.228562554471104 ], [ -68.669956522671256, -33.228599996860083 ], [ -68.670027558748984, -33.228640595248336 ], [ -68.670096704771339, -33.228683819871996 ], [ -68.670163975111393, -33.228729086864995 ], [ -68.670229384142189, -33.228775807853609 ], [ -68.670292559961155, -33.228824414156726 ], [ -68.670353423516602, -33.228875341600691 ], [ -68.670412477865071, -33.228927918403265 ], [ -68.670470224266481, -33.228981474286584 ], [ -68.670527206201584, -33.229035429897216 ], [ -68.670583223346057, -33.229090508108506 ], [ -68.670635804434596, -33.229147747391629 ], [ -68.670682206012287, -33.229208075755047 ], [ -68.670721527967217, -33.229271886188606 ], [ -68.670756749112869, -33.229337805077577 ], [ -68.67079132616648, -33.22940412292386 ], [ -68.670828712251961, -33.229469127980295 ], [ -68.670870080569117, -33.22953226569841 ], [ -68.67091338116245, -33.229594542990498 ], [ -68.670957467781648, -33.229656475334842 ], [ -68.671001191481466, -33.229718579711218 ], [ -68.671043794982126, -33.229781201022057 ], [ -68.671086345482195, -33.229843867373418 ], [ -68.671128579775285, -33.229906683964103 ], [ -68.671169992109867, -33.229969864197351 ], [ -68.671210073141211, -33.230033620724264 ], [ -68.671248657579312, -33.230098021171379 ], [ -68.671286230514383, -33.230162860399822 ], [ -68.67132316834055, -33.230227976102221 ], [ -68.671359846553599, -33.230293205220256 ], [ -68.671396641547631, -33.230358389204611 ], [ -68.671433928818445, -33.23042336274365 ], [ -68.671472176388306, -33.230487931972419 ], [ -68.671512117282461, -33.230551830890661 ], [ -68.671552871151945, -33.230615401393742 ], [ -68.671593248627346, -33.230679100342556 ], [ -68.67163206483076, -33.230743381590898 ], [ -68.671668168122039, -33.230808697488506 ], [ -68.671701350990332, -33.230875220858032 ], [ -68.671731960185312, -33.230942715001788 ], [ -68.671760252625177, -33.231010912414945 ], [ -68.671786563381559, -33.231079551604729 ], [ -68.671812275859921, -33.231148531129669 ], [ -68.671837043310632, -33.231217876536896 ], [ -68.671859850637361, -33.231287602853726 ], [ -68.671879682743892, -33.231357725858857 ], [ -68.671895404159685, -33.231428278613258 ], [ -68.671902761361864, -33.231499826174456 ], [ -68.671903953426238, -33.231572163405907 ], [ -68.671904339701811, -33.231644649355971 ], [ -68.671908379425645, -33.231716749774812 ], [ -68.671913790876914, -33.231788732163587 ], [ -68.671919657774041, -33.23186069495658 ], [ -68.671925793267434, -33.231932642662294 ], [ -68.671932008710883, -33.23200458504899 ], [ -68.671938605938337, -33.232076501828807 ], [ -68.671945705324021, -33.232148389996212 ], [ -68.671952466943154, -33.232220294635361 ], [ -68.671958226042435, -33.232292261581613 ], [ -68.67196422678856, -33.232364295343309 ], [ -68.671969693037056, -33.232436359853025 ], [ -68.67197312190649, -33.232508419043576 ], [ -68.671972944938389, -33.232580437599211 ], [ -68.671967665539455, -33.232652433553646 ], [ -68.671959472904064, -33.232724418177824 ], [ -68.671951455440151, -33.23279638320642 ], [ -68.671946698860722, -33.232868321876957 ], [ -68.671948071486469, -33.232940220664375 ], [ -68.671955187940156, -33.233012055524149 ], [ -68.671965201460637, -33.233083865528862 ], [ -68.671975210489535, -33.233155689751115 ], [ -68.671982311671854, -33.233227574025769 ], [ -68.671984764072576, -33.233299604762827 ], [ -68.671985694727198, -33.233371917212395 ], [ -68.671984959006977, -33.233444323525994 ], [ -68.671981867005783, -33.233516603546093 ], [ -68.671975736003972, -33.233588536364415 ], [ -68.671965875197102, -33.233659907835907 ], [ -68.671951663849299, -33.233730865234136 ], [ -68.671933485541217, -33.233801489709954 ], [ -68.671912056230099, -33.233871641506148 ], [ -68.671888092771582, -33.233941180865941 ], [ -68.671862307529665, -33.23400997254133 ], [ -68.671833229063921, -33.234077647603741 ], [ -68.671800239333422, -33.23414425564723 ], [ -68.671765052323764, -33.234210224963292 ], [ -68.671729382020445, -33.234275989853195 ], [ -68.671693726988508, -33.234341608173906 ], [ -68.67165603547582, -33.234406453272641 ], [ -68.67161865657684, -33.234471402765365 ], [ -68.67158420708401, -33.234537411657847 ], [ -68.671552477689858, -33.234604401804035 ], [ -68.671522087683798, -33.234671873533706 ], [ -68.67149201388473, -33.234739463929351 ], [ -68.67146123221319, -33.23480680782032 ], [ -68.671428893761288, -33.234873684301938 ], [ -68.671395593213703, -33.234940296247309 ], [ -68.671362375311134, -33.235006925423647 ], [ -68.671330289285805, -33.235073849840333 ], [ -68.671300383471689, -33.235141350511434 ], [ -68.671273759203288, -33.235209727985975 ], [ -68.671251259100373, -33.235279224204625 ], [ -68.671231800692993, -33.235349530349829 ], [ -68.671213999677335, -33.235420248191438 ], [ -68.671196472647836, -33.235490977246435 ], [ -68.67117856922421, -33.235561518401028 ], [ -68.67116156950577, -33.235632217286891 ], [ -68.67114525071031, -33.235703037837744 ], [ -68.671129270579726, -33.235773914684074 ], [ -68.671113150311953, -33.235844773440043 ], [ -68.671096221560433, -33.235915570526281 ], [ -68.671079345809503, -33.235986388593538 ], [ -68.671063584867838, -33.236057320060091 ], [ -68.671050001442424, -33.236128462603439 ], [ -68.671039200099457, -33.23619998152391 ], [ -68.671030403796195, -33.236272109744228 ], [ -68.671025551995342, -33.236344428000628 ], [ -68.671026957858757, -33.236416441142865 ], [ -68.671034656420758, -33.236488056753828 ], [ -68.671043920746271, -33.23655996383544 ], [ -68.671054756225232, -33.236631954259266 ], [ -68.671067473674697, -33.23670377181034 ], [ -68.671082382115173, -33.236775154263647 ], [ -68.671099789668745, -33.236845843151855 ], [ -68.671120006254213, -33.236915578505666 ], [ -68.671145235438956, -33.236983648037636 ], [ -68.671182130146008, -33.237048442338626 ], [ -68.671225909541363, -33.237111283057146 ], [ -68.67127043633505, -33.237173828446458 ], [ -68.671311422868214, -33.237237282934629 ], [ -68.671351777885718, -33.237300981568026 ], [ -68.671392172429108, -33.23736467489551 ], [ -68.671432926298593, -33.237428193110482 ], [ -68.671474361091072, -33.237491367158192 ], [ -68.67151679570847, -33.237554029487079 ], [ -68.671560593968451, -33.237615988502725 ], [ -68.671606729644807, -33.237676745307176 ], [ -68.671654731122032, -33.23773654634708 ], [ -68.671703567134145, -33.237795925836728 ], [ -68.671752207313517, -33.237855418740402 ], [ -68.6717996266824, -33.237915552507232 ], [ -68.671846198939988, -33.237976142303381 ], [ -68.671892587042962, -33.238036842506204 ], [ -68.671938709244586, -33.238097687677609 ], [ -68.671984479306644, -33.238158715384827 ], [ -68.672029811889118, -33.238219963946307 ], [ -68.672074624347076, -33.238281469426362 ], [ -68.672118753187092, -33.238343326494402 ], [ -68.672161956762366, -33.238405673397764 ], [ -68.672204163207667, -33.238468506378666 ], [ -68.67224530694601, -33.238531817922571 ], [ -68.67228530982392, -33.238595618547329 ], [ -68.6723242176555, -33.238659911257209 ], [ -68.672362410428136, -33.238724528501095 ], [ -68.672400288790399, -33.238789285447389 ], [ -68.672438257882519, -33.238853998767731 ], [ -68.672476721048028, -33.238918479874926 ], [ -68.672516081630519, -33.238982547695727 ], [ -68.672558209024089, -33.239045350959685 ], [ -68.672604929503692, -33.239106049668813 ], [ -68.672649642248643, -33.23916760636812 ], [ -68.672687864665676, -33.239232057941685 ], [ -68.672724651574882, -33.239297199198468 ], [ -68.672760604847497, -33.239362730352177 ], [ -68.672795744246443, -33.239428607072981 ], [ -68.672830091331349, -33.239494783528336 ], [ -68.672863667661716, -33.239561215388676 ], [ -68.672896494797158, -33.239627856821755 ], [ -68.672927904391045, -33.239694911439521 ], [ -68.672956368409146, -33.239762933727427 ], [ -68.672983145391129, -33.2398315142051 ], [ -68.673009690607785, -33.239900172767847 ], [ -68.673037315599402, -33.239968479651942 ], [ -68.673065364595843, -33.240036647485859 ], [ -68.673093456711399, -33.240104804747929 ], [ -68.673121576674745, -33.240172953692202 ], [ -68.673149709214485, -33.240241097324045 ], [ -68.673177839957617, -33.240309243156752 ], [ -68.673205954531056, -33.240377392692977 ], [ -68.673242625557592, -33.240441975608917 ], [ -68.673260961070838, -33.240474684788765 ], [ -68.673280182322983, -33.240506943909523 ], [ -68.6733010483904, -33.240538368290842 ], [ -68.673323897937962, -33.240568807667636 ], [ -68.673347034048106, -33.240599232758548 ], [ -68.67337025819316, -33.24062972095053 ], [ -68.673393660204624, -33.240660177576061 ], [ -68.673417331710681, -33.24069051247573 ], [ -68.673441367932739, -33.240720632484972 ], [ -68.67346585780399, -33.240750445941956 ], [ -68.673490895647589, -33.240779862687639 ], [ -68.673516573091675, -33.240808788055148 ], [ -68.673542980866088, -33.240837133388325 ], [ -68.673570213293942, -33.24086480326924 ], [ -68.673598360206711, -33.240891708290562 ], [ -68.673627640793413, -33.240917698939029 ], [ -68.673658162851822, -33.240942743659716 ], [ -68.673689744922257, -33.240966974686877 ], [ -68.673722200155169, -33.240990532519149 ], [ -68.673755348887454, -33.24101355314707 ], [ -68.67378900516789, -33.241036176317671 ], [ -68.673822989333402, -33.241058537269801 ], [ -68.673857115432739, -33.241080771993573 ], [ -68.673891202006203, -33.241103021738176 ], [ -68.673925064000827, -33.241125420239456 ], [ -68.67395852085528, -33.241148106492375 ], [ -68.673991741452795, -33.241170938496353 ], [ -68.674025139018426, -33.241193592430506 ], [ -68.674058674026298, -33.241216105109835 ], [ -68.674092313238731, -33.241238517857305 ], [ -68.674126010841675, -33.241260868239166 ], [ -68.674159729105867, -33.241283196826892 ], [ -68.674193430302068, -33.241305542689368 ], [ -68.674227073107772, -33.241327945646717 ], [ -68.674260618895417, -33.241350444016319 ], [ -68.674294027240848, -33.241373076866921 ], [ -68.674327258618149, -33.241395886272471 ], [ -68.674360274399774, -33.241418909047638 ], [ -68.674393103331838, -33.241442147446193 ], [ -68.674426546711558, -33.241465159690655 ], [ -68.674460590165879, -33.241487939019294 ], [ -68.67449491030132, -33.241510650723072 ], [ -68.674529184622656, -33.241533459341383 ], [ -68.674563087939802, -33.241556528662237 ], [ -68.674596298655842, -33.241580024727334 ], [ -68.674628493377313, -33.241604109821616 ], [ -68.674659346914069, -33.241628951489112 ], [ -68.674688538567537, -33.241654710511703 ], [ -68.674715743147615, -33.241681554432972 ], [ -68.674740411783617, -33.241709768002217 ], [ -68.674760102854648, -33.241740657762868 ], [ -68.674775377807734, -33.241773947977975 ], [ -68.674787685625461, -33.241808889579687 ], [ -68.674798471697059, -33.241844733501203 ], [ -68.674809185903456, -33.241880731428303 ], [ -68.674821274532249, -33.2419161365506 ], [ -68.674836182972697, -33.241950196048343 ], [ -68.674855098797636, -33.241982314879579 ], [ -68.674875887609929, -33.242013719196301 ], [ -68.674897697806728, -33.242044822974918 ], [ -68.674920478184006, -33.242075571369654 ], [ -68.674944182029421, -33.242105913291383 ], [ -68.674968756342338, -33.242135793894377 ], [ -68.674994150817099, -33.242165163592297 ], [ -68.675020319639628, -33.242193967539613 ], [ -68.675047208012714, -33.242222152393445 ], [ -68.675074768325629, -33.242249667065025 ], [ -68.675103285344321, -33.242276276393341 ], [ -68.675133517246906, -33.242301576923161 ], [ -68.675165137046591, -33.242325831615751 ], [ -68.675197762061075, -33.242349337992458 ], [ -68.67523099972658, -33.242372396579597 ], [ -68.675264467360805, -33.242395304897848 ], [ -68.675297776891554, -33.24241836272153 ], [ -68.67533053844997, -33.242441868322061 ], [ -68.67536236845541, -33.242466119970452 ], [ -68.67539386518591, -33.242490809627732 ], [ -68.675426582726885, -33.242514964343172 ], [ -68.675459955139686, -33.242538868864791 ], [ -68.675493345518802, -33.242562844003274 ], [ -68.675526121450247, -33.242587215076774 ], [ -68.675557646028523, -33.242612301392654 ], [ -68.675587285941319, -33.242638426765701 ], [ -68.675614406079731, -33.242665914259007 ], [ -68.675638371334898, -33.242695086935235 ], [ -68.675658702904713, -33.242726185212256 ], [ -68.675677673526891, -33.242758015255014 ], [ -68.675696238110561, -33.242790070679334 ], [ -68.675714419113589, -33.242822340215369 ], [ -68.675732236298941, -33.242854814095836 ], [ -68.675749709429525, -33.242887478796916 ], [ -68.675766859166615, -33.242920323800057 ], [ -68.675783705273133, -33.242953336332803 ], [ -68.675800269308652, -33.242986503622724 ], [ -68.675816571036123, -33.243019816653941 ], [ -68.675832629320126, -33.243053262654065 ], [ -68.675848465720293, -33.243086828850664 ], [ -68.675864099101176, -33.243120503973977 ], [ -68.675879551022376, -33.243154276003011 ], [ -68.675894842145141, -33.243188134419313 ], [ -68.675909991334095, -33.243222065699278 ], [ -68.67592501835216, -33.243256059324501 ], [ -68.675939944758923, -33.243290103274049 ], [ -68.675954790317306, -33.243324185526916 ], [ -68.675969575688569, -33.243358294813511 ], [ -68.675984319737339, -33.243392418361616 ], [ -68.675999044921468, -33.243426544901617 ], [ -68.676013769207287, -33.243460663163944 ], [ -68.676028514154368, -33.243494761127721 ], [ -68.676043299525631, -33.243528826772099 ], [ -68.676058145083999, -33.243562848827594 ], [ -68.676073070592452, -33.243596814522064 ], [ -68.676088099407167, -33.243630712586032 ], [ -68.676103247697796, -33.243664531750042 ], [ -68.676118537922235, -33.243698259993302 ], [ -68.676133721247183, -33.243731983715769 ], [ -68.676148181428303, -33.243765929810657 ], [ -68.676162065789327, -33.243800057707446 ], [ -68.676175554891643, -33.243834307301753 ], [ -68.676188832889864, -33.24386862074325 ], [ -68.676202087531877, -33.243902942435604 ], [ -68.676215498480744, -33.243937215279928 ], [ -68.676229252586054, -33.243971377669652 ], [ -68.676243534900763, -33.244005375511307 ], [ -68.676258402917028, -33.244039202043346 ], [ -68.676273636547606, -33.244072948173248 ], [ -68.676289355268466, -33.244106547786743 ], [ -68.676305707301566, -33.24413992425152 ], [ -68.676322840868991, -33.244172999432791 ], [ -68.676340902396106, -33.244205695195809 ], [ -68.676359519980366, -33.244238192603895 ], [ -68.676378019885334, -33.244270819974417 ], [ -68.676396491044201, -33.244303514198265 ], [ -68.676415033169974, -33.244336212166345 ], [ -68.676433746873968, -33.244368847013263 ], [ -68.676452729174258, -33.244401354878853 ], [ -68.676472077088832, -33.24443366964914 ], [ -68.676491893924009, -33.244465725961604 ], [ -68.676512274901171, -33.244497459205036 ], [ -68.676533320631634, -33.244528804017108 ], [ -68.676555129930122, -33.244559695786805 ], [ -68.676577800712934, -33.244590069151926 ], [ -68.676601669848338, -33.244619765589832 ], [ -68.676627180205784, -33.244648601785272 ], [ -68.676654104511485, -33.244676674656112 ], [ -68.676682192135459, -33.244704083373918 ], [ -68.676711192447797, -33.244730932369137 ], [ -68.676740853920151, -33.244757323066949 ], [ -68.6767709250243, -33.24478335914629 ], [ -68.676801156028546, -33.244809143534617 ], [ -68.676831305286115, -33.244834771646374 ], [ -68.676862666370994, -33.244859232241602 ], [ -68.676895772882489, -33.244882184234392 ], [ -68.676929868439075, -33.244904262468069 ], [ -68.676964199354302, -33.24492610479038 ], [ -68.676998118841112, -33.24494825213182 ], [ -68.677032292551161, -33.244970116981897 ], [ -68.677066817502464, -33.24499163773492 ], [ -68.67710145653983, -33.245013043535046 ], [ -68.677135968914726, -33.245034562023619 ], [ -68.677170120166878, -33.245056423846961 ], [ -68.677203670446119, -33.245078859651095 ], [ -68.677236382597187, -33.245102094822833 ], [ -68.677268390469067, -33.245126074517287 ], [ -68.677300387561175, -33.245150256302274 ], [ -68.677332234634633, -33.245174692767947 ], [ -68.677363757416259, -33.245199462048198 ], [ -68.677394782531238, -33.245224641525567 ], [ -68.677425133909722, -33.245250310836454 ], [ -68.677454635481979, -33.245276549617017 ], [ -68.677483115669745, -33.245303435249561 ], [ -68.677510398403243, -33.245331046618787 ], [ -68.677536442359965, -33.245359438568045 ], [ -68.67756159698456, -33.245388541226824 ], [ -68.677585909887711, -33.24541828247073 ], [ -68.677609402629031, -33.245448592429362 ], [ -68.677628223232546, -33.245484016391302 ], [ -68.65579264185611, -33.232545071526069 ], [ -68.643669764807498, -33.230393728359665 ], [ -68.634300555583067, -33.22670949161764 ], [ -68.626996773521128, -33.221876083806364 ], [ -68.619455809274726, -33.219158601536492 ], [ -68.601602985965542, -33.219487425717624 ], [ -68.59472726820448, -33.221582314478226 ], [ -68.572481292388801, -33.230938483798361 ], [ -68.557805090689016, -33.236276125047361 ], [ -68.552676096692267, -33.237777492878635 ], [ -68.549665889785899, -33.227813991878065 ], [ -68.545138730198573, -33.22872712412606 ], [ -68.540612258720756, -33.229470950937497 ], [ -68.532715012751197, -33.203689097083888 ], [ -68.532321268585761, -33.201122452748002 ], [ -68.534475346890389, -33.20084760772324 ], [ -68.536792358027995, -33.199673180219982 ], [ -68.539108422341286, -33.19866766809124 ], [ -68.542226762153348, -33.197918697897975 ], [ -68.546049741372599, -33.196918604204747 ], [ -68.547257496627694, -33.196500430675265 ], [ -68.553186047821185, -33.196268382552262 ], [ -68.553464291098962, -33.19627539149797 ] ] ] } },
{ "type": "Feature", "properties": { "fid": 129, "departamen": "RIVADAVIA", "codigo_dep": "10", "distrito": "LA LIBERTAD", "codigo_dis": "07", "globalid": "{3C8567A9-5334-4ED1-B6D3-2B5B8860E1A4}", "created_date": 1739199530000, "created_user": "ugdt_admin", "last_edited_date": 1739199530000, "last_edited_user": "ugdt_admin", "shape_Length": 31035.941640664038, "shape_Area": 48322142.139104433 }, "geometry": { "type": "Polygon", "coordinates": [ [ [ -68.508306154242817, -33.205744414981964 ], [ -68.511753793980162, -33.203633648855721 ], [ -68.5143711334768, -33.202714265526694 ], [ -68.517891306783469, -33.202051960373304 ], [ -68.521911454529473, -33.201813978304735 ], [ -68.52804411912517, -33.201076851261071 ], [ -68.531258156464446, -33.201258082961829 ], [ -68.532321268585761, -33.201122452748002 ], [ -68.532715012751197, -33.203689097083888 ], [ -68.540612258720756, -33.229470950937497 ], [ -68.545138730198573, -33.22872712412606 ], [ -68.549665889785899, -33.227813991878065 ], [ -68.552676096692267, -33.237777492878635 ], [ -68.550010551800838, -33.238557650738407 ], [ -68.544276730208125, -33.240653870169574 ], [ -68.538525508248355, -33.246021692386748 ], [ -68.523166393794853, -33.249812905634727 ], [ -68.516026752799945, -33.257483782752189 ], [ -68.501060092531134, -33.272244289500989 ], [ -68.494071436775926, -33.278061339876743 ], [ -68.488029281936662, -33.25903662388771 ], [ -68.475150924429073, -33.219156395092412 ], [ -68.473372755138229, -33.214136193857605 ], [ -68.474200082853642, -33.214096424469474 ], [ -68.476163801861375, -33.213344312463128 ], [ -68.478577962203673, -33.212847503469504 ], [ -68.479788789697068, -33.211965310926963 ], [ -68.481150392224336, -33.21108382650182 ], [ -68.483272781558995, -33.208938015691444 ], [ -68.486744566214554, -33.207938469522951 ], [ -68.489309313842895, -33.207442073295176 ], [ -68.492310585207122, -33.209609054149801 ], [ -68.494568131466195, -33.210125243271023 ], [ -68.498490458965975, -33.209380736374868 ], [ -68.501358726667547, -33.20850501929143 ], [ -68.503621928719639, -33.208007115541719 ], [ -68.508306154242817, -33.205744414981964 ] ] ] } },
{ "type": "Feature", "properties": { "fid": 130, "departamen": "RIVADAVIA", "codigo_dep": "10", "distrito": "LA CENTRAL", "codigo_dis": "03", "globalid": "{4E0C5C2F-E305-4A76-B5E1-18C9A97F8D57}", "created_date": 1739199530000, "created_user": "ugdt_admin", "last_edited_date": 1739199530000, "last_edited_user": "ugdt_admin", "shape_Length": 42782.896109694368, "shape_Area": 101001366.5723035 }, "geometry": { "type": "Polygon", "coordinates": [ [ [ -68.377971454572432, -33.209078834870482 ], [ -68.381381496221877, -33.215703239615813 ], [ -68.384646366528159, -33.22264394421839 ], [ -68.384828249322041, -33.223100664017288 ], [ -68.386027976333438, -33.226113113524683 ], [ -68.388717590684593, -33.22925079438793 ], [ -68.395484677873299, -33.25258306244541 ], [ -68.379847393803857, -33.262048206334619 ], [ -68.371214222800717, -33.263829944025424 ], [ -68.376613425543354, -33.281590630424652 ], [ -68.376437403358381, -33.281626840272935 ], [ -68.335362042094914, -33.290069128395487 ], [ -68.286642955604719, -33.300162685664318 ], [ -68.28660404238326, -33.248689529133451 ], [ -68.286740221590421, -33.239204676059117 ], [ -68.286689174824403, -33.237961989084944 ], [ -68.286507929834372, -33.233025901472026 ], [ -68.288802216290222, -33.233054122342857 ], [ -68.32583304863256, -33.225091365440903 ], [ -68.326680720494238, -33.224923761296232 ], [ -68.327073542988174, -33.224617544387385 ], [ -68.330756661704228, -33.219917589458596 ], [ -68.342855815144489, -33.215981818248288 ], [ -68.341787628440144, -33.21324521574136 ], [ -68.354592906202754, -33.211865294217425 ], [ -68.355078145576513, -33.211808047384118 ], [ -68.356628082598064, -33.215571584155981 ], [ -68.356906975357788, -33.215491159843033 ], [ -68.368148335618088, -33.212248835535746 ], [ -68.375828229713079, -33.210053348278713 ], [ -68.376921606076309, -33.209740733611731 ], [ -68.377971454572432, -33.209078834870482 ] ] ] } },
{ "type": "Feature", "properties": { "fid": 131, "departamen": "RIVADAVIA", "codigo_dep": "10", "distrito": "EL MIRADOR", "codigo_dis": "06", "globalid": "{F6A20E10-EA1F-4F0F-BAC5-368B183EB893}", "created_date": 1739199530000, "created_user": "ugdt_admin", "last_edited_date": 1739199530000, "last_edited_user": "ugdt_admin", "shape_Length": 42329.713022616415, "shape_Area": 113812449.76789545 }, "geometry": { "type": "Polygon", "coordinates": [ [ [ -68.376437403358381, -33.281626840272935 ], [ -68.391425919638053, -33.331957289199977 ], [ -68.392158377174624, -33.334794356817383 ], [ -68.377684522789224, -33.341645276309755 ], [ -68.375392770480772, -33.341633746994297 ], [ -68.353931667101904, -33.375291210473364 ], [ -68.286610140147403, -33.375623156217145 ], [ -68.286664340000058, -33.328751471287866 ], [ -68.286642955604719, -33.300162685664318 ], [ -68.335362042094914, -33.290069128395487 ], [ -68.376437403358381, -33.281626840272935 ] ] ] } },
{ "type": "Feature", "properties": { "fid": 142, "departamen": "RIVADAVIA", "codigo_dep": "10", "distrito": "SAN ISIDRO", "codigo_dis": "17", "globalid": "{B8C16714-20B7-486A-9DC3-D34ED3093806}", "created_date": 1739199530000, "created_user": "ugdt_admin", "last_edited_date": 1739199530000, "last_edited_user": "ugdt_admin", "shape_Length": 179942.20544138431, "shape_Area": 1473675030.8189313 }, "geometry": { "type": "Polygon", "coordinates": [ [ [ -68.815346000153298, -33.409140999553763 ], [ -68.818607999443913, -33.410502999976785 ], [ -68.822523000284249, -33.407062999874057 ], [ -68.824616000336079, -33.409713999455221 ], [ -68.830795999859035, -33.409571000104656 ], [ -68.831342000380303, -33.406110999904712 ], [ -68.837386000359146, -33.409129999597205 ], [ -68.838348999733611, -33.411147000450384 ], [ -68.839662999635678, -33.411905999806137 ], [ -68.842323000125162, -33.409263000819251 ], [ -68.849678000531341, -33.414156000784985 ], [ -68.852873999699725, -33.417458000234021 ], [ -68.854441000220106, -33.420949000014957 ], [ -68.857356999904312, -33.41976200018393 ], [ -68.866759000331584, -33.426980000079183 ], [ -68.871221999546336, -33.432065999584857 ], [ -68.873797000545323, -33.434357999625988 ], [ -68.876628999665641, -33.435073999865715 ], [ -68.875857000985206, -33.437437999235016 ], [ -68.876028000689431, -33.439872998972923 ], [ -68.875480977885374, -33.440669232733697 ], [ -68.874786960158104, -33.441598155264707 ], [ -68.872747000233929, -33.444443000815568 ], [ -68.875857000985206, -33.4446710003213 ], [ -68.884414967727693, -33.456622854140669 ], [ -68.89786096078187, -33.459039396829304 ], [ -68.906597964455443, -33.458915396296788 ], [ -68.910016965003209, -33.46203439693894 ], [ -68.914969967357692, -33.465333396730664 ], [ -68.919667969444063, -33.467596396089469 ], [ -68.921332969873717, -33.467573396340555 ], [ -68.923166970357769, -33.469485396369066 ], [ -68.929071972216079, -33.468335397285131 ], [ -68.93265197421897, -33.470953396222811 ], [ -68.93453697565495, -33.471254395800067 ], [ -68.935813974848799, -33.476336396833233 ], [ -68.940311976918608, -33.475885396738128 ], [ -68.94366774325691, -33.475114657815581 ], [ -68.945208978298297, -33.474766396151381 ], [ -68.94523197876282, -33.476928397207786 ], [ -68.945984386085243, -33.477011192432364 ], [ -68.951730981721298, -33.477643396379378 ], [ -68.956622983078091, -33.48050639553923 ], [ -68.959369983606223, -33.483799396592808 ], [ -68.962974986621774, -33.486376396781523 ], [ -68.967523987846917, -33.487593397121167 ], [ -68.970370988832471, -33.491638396031405 ], [ -68.971953238254798, -33.494345163054028 ], [ -68.973837534513294, -33.494789938344546 ], [ -68.97432245139187, -33.495371024344351 ], [ -68.974777985275821, -33.495823480423887 ], [ -68.978681987143787, -33.495343480987778 ], [ -68.980569988054526, -33.496703480219352 ], [ -68.981703988929851, -33.5000364804485 ], [ -68.984861990260029, -33.50049648093151 ], [ -68.985965991896435, -33.503709481067197 ], [ -68.987593992516182, -33.507392480400824 ], [ -68.987171992741779, -33.510797480045532 ], [ -68.985501991390947, -33.513151481252372 ], [ -68.987337993321447, -33.517767479947679 ], [ -68.987379992255939, -33.518888480222401 ], [ -68.985415992075531, -33.520164480867699 ], [ -68.98451599065362, -33.527189480006236 ], [ -68.986011991028874, -33.527655480485365 ], [ -68.986097991242616, -33.528909480362444 ], [ -68.98711399301547, -33.530748479998756 ], [ -68.98626799112192, -33.532664479585016 ], [ -68.986432873299051, -33.532922828991872 ], [ -68.988003992594997, -33.535384480154654 ], [ -68.987577992622661, -33.537674479372662 ], [ -68.988905993666734, -33.5380444806489 ], [ -68.989503993168228, -33.538951480208226 ], [ -68.989736993695047, -33.540233481009295 ], [ -68.989969993323555, -33.541336480250571 ], [ -68.991421994216182, -33.540513480124851 ], [ -68.99247220653001, -33.540850042564912 ], [ -68.992872995283903, -33.540978479606849 ], [ -68.993765996134812, -33.541870480521467 ], [ -68.99470299736663, -33.541653480369078 ], [ -68.995279578336792, -33.541009826997296 ], [ -68.99541970923292, -33.540853392421752 ], [ -68.995553997486425, -33.54070348058579 ], [ -68.996875998682711, -33.540504480250284 ], [ -68.998777000012254, -33.542533479757878 ], [ -68.999128685954403, -33.542559444008525 ], [ -68.998902722829513, -33.542621776746614 ], [ -68.99956577203568, -33.543740903499227 ], [ -69.000085803160403, -33.544263463613454 ], [ -69.000709851110173, -33.544931265392989 ], [ -69.001334013145993, -33.545831220081624 ], [ -69.002304782947661, -33.54638289088259 ], [ -69.002859517788437, -33.546905437266986 ], [ -69.003483715756857, -33.547689349370003 ], [ -69.003449061448165, -33.54832802597106 ], [ -69.00360512127088, -33.549702023317955 ], [ -69.003882516539051, -33.550457267245115 ], [ -69.004575996175447, -33.5515030779314 ], [ -69.004628922217037, -33.55234505621079 ], [ -69.004645386539565, -33.552606964206497 ], [ -69.004298686247253, -33.553362311504493 ], [ -69.004090675953321, -33.55417571693269 ], [ -69.004229391104559, -33.554814841170852 ], [ -69.00436810984904, -33.555453962926286 ], [ -69.004160095961851, -33.556325429915773 ], [ -69.003952088362851, -33.557487472037963 ], [ -69.004160169623702, -33.558417080705929 ], [ -69.004853809160224, -33.559114249949317 ], [ -69.00499253868449, -33.559753370584879 ], [ -69.004645752153891, -33.561670667435642 ], [ -69.004715160484324, -33.563006976589705 ], [ -69.004992738110474, -33.564227068385918 ], [ -69.005478268538397, -33.56515666514349 ], [ -69.005686370460481, -33.565853843606654 ], [ -69.006033196516952, -33.566667230203542 ], [ -69.005547729869434, -33.567248310892658 ], [ -69.004033346370207, -33.569027696009897 ], [ -69.002854160236083, -33.569957326412499 ], [ -69.001466974587814, -33.570770734231296 ], [ -69.00112006768299, -33.571642193365989 ], [ -69.00112006768299, -33.57222325629057 ], [ -69.000634532763499, -33.57321092592592 ], [ -69.000426441621173, -33.573791896710084 ], [ -69.000495800544272, -33.574372960882485 ], [ -69.000703886296691, -33.574953933575642 ], [ -69.000842609532754, -33.576057818744843 ], [ -69.000971748643053, -33.577680827287026 ], [ -68.999286243268713, -33.578270392713961 ], [ -68.929625227531588, -33.602609700847481 ], [ -68.563805680480073, -33.733360953920439 ], [ -68.593538421587795, -33.491845581035186 ], [ -68.592309812841705, -33.491731419765834 ], [ -68.692078028819481, -33.327551226526701 ], [ -68.70903445295103, -33.286196035800458 ], [ -68.709935410180393, -33.286324400182039 ], [ -68.710682209320495, -33.286595369090264 ], [ -68.712177381449067, -33.286598856427197 ], [ -68.713136933089473, -33.287139615742817 ], [ -68.713882171855929, -33.287859473037798 ], [ -68.71441144215332, -33.289296778162893 ], [ -68.714409387706269, -33.289925012528123 ], [ -68.714407918960788, -33.290373830439435 ], [ -68.714938198964575, -33.29154191504221 ], [ -68.714935854361684, -33.292259949664903 ], [ -68.715254559556499, -33.292799213436282 ], [ -68.716214090535658, -33.293339949345665 ], [ -68.717815038390611, -33.293702632140224 ], [ -68.718561925565595, -33.29397364346277 ], [ -68.719094197134368, -33.294513384704814 ], [ -68.720162033495768, -33.294605514382212 ], [ -68.720373666695224, -33.295234323225209 ], [ -68.720050135750697, -33.296220941835074 ], [ -68.720363890329992, -33.29828597103706 ], [ -68.720253323888201, -33.29945258170887 ], [ -68.720252748068091, -33.299632089845872 ], [ -68.720252460607213, -33.299721890326758 ], [ -68.721766107487909, -33.303969437631899 ], [ -68.725785476394577, -33.309061130266358 ], [ -68.72913002726655, -33.314998360714632 ], [ -68.727759252041892, -33.323184260719351 ], [ -68.727742499360147, -33.328549304769737 ], [ -68.728066547734286, -33.33250327548523 ], [ -68.730737552585992, -33.339003722637266 ], [ -68.732069348113839, -33.343524631885394 ], [ -68.734413987836319, -33.346918179281857 ], [ -68.738780145968519, -33.349468829012899 ], [ -68.743817843284631, -33.35258548088833 ], [ -68.748852534837795, -33.356831446169906 ], [ -68.75676857805469, -33.358113496808386 ], [ -68.75766562401931, -33.358986836959147 ], [ -68.758077862699821, -33.360033500886438 ], [ -68.758835859339925, -33.361196965159976 ], [ -68.759317476706457, -33.362185697199308 ], [ -68.759592484252593, -33.36282537545749 ], [ -68.759590558264634, -33.363522578332841 ], [ -68.759241209738846, -33.364742031450675 ], [ -68.759101692392065, -33.36514847076127 ], [ -68.759239279259305, -33.365439233223476 ], [ -68.759576950584702, -33.364875473476673 ], [ -68.759586865290501, -33.364858920497419 ], [ -68.760416359742393, -33.365209091526047 ], [ -68.761522059194675, -33.365734159364067 ], [ -68.762419814828377, -33.36643309750923 ], [ -68.762494119875427, -33.36707180824218 ], [ -68.762555036431465, -33.367595427386512 ], [ -68.763037522468878, -33.368293559836786 ], [ -68.763519016766224, -33.36939848950604 ], [ -68.763655678368707, -33.370037804898253 ], [ -68.763792341767825, -33.37067720936831 ], [ -68.76393810779571, -33.37114042428675 ], [ -68.764066777985448, -33.371549308623244 ], [ -68.764617870157736, -33.372479997560355 ], [ -68.765100241210803, -33.373236185351573 ], [ -68.765374649580636, -33.374166344617585 ], [ -68.765787049957893, -33.375212979732744 ], [ -68.765924050225252, -33.375736166539411 ], [ -68.765922016439447, -33.376491521100974 ], [ -68.765851560673411, -33.376956160357786 ], [ -68.765781728338155, -33.377188460676564 ], [ -68.766057457231469, -33.377595693257938 ], [ -68.767233128257871, -33.377946473897872 ], [ -68.767435088398372, -33.378760978813887 ], [ -68.76750699943517, -33.379050995149662 ], [ -68.76781249220879, -33.37994703635016 ], [ -68.768019806308374, -33.380063641671263 ], [ -68.768643864139619, -33.379658103192924 ], [ -68.768782896396146, -33.379425932492929 ], [ -68.769406069386832, -33.379310972863301 ], [ -68.769683359552104, -33.379137121376822 ], [ -68.77016684002453, -33.379544733402227 ], [ -68.77099564277367, -33.380185415965229 ], [ -68.771271404904653, -33.380592637513196 ], [ -68.771755097379483, -33.380884027213909 ], [ -68.772446528857031, -33.38117579999912 ], [ -68.773275818493033, -33.3816421890008 ], [ -68.775835116042558, -33.382286006570034 ], [ -68.776803451409805, -33.382520104911031 ], [ -68.777286835762496, -33.38298584086332 ], [ -68.777977897134164, -33.383393797146176 ], [ -68.779429503666378, -33.384151757777538 ], [ -68.780258566028635, -33.384734226564845 ], [ -68.780535118677051, -33.384850934229 ], [ -68.78157237728449, -33.38525948632838 ], [ -68.782194554043542, -33.385551080163538 ], [ -68.782747632390908, -33.385842550007823 ], [ -68.783714435232298, -33.386715822570295 ], [ -68.784611142532057, -33.387995583929332 ], [ -68.784401338302501, -33.388866790221236 ], [ -68.784538038532546, -33.389564232148473 ], [ -68.784814468111776, -33.389738993592658 ], [ -68.785644909387969, -33.38979859215933 ], [ -68.786059164786309, -33.39026408511095 ], [ -68.786334598133877, -33.390845550651171 ], [ -68.78716334339083, -33.391602340022999 ], [ -68.787854058911094, -33.392242670478879 ], [ -68.788544960382637, -33.392766783098487 ], [ -68.789373319364003, -33.393697835969718 ], [ -68.790271864616827, -33.39428035554819 ], [ -68.790409322126678, -33.394687298077415 ], [ -68.7905467796365, -33.395094241701244 ], [ -68.790960138516155, -33.395908362479943 ], [ -68.791027541806884, -33.396663832044609 ], [ -68.79130285837347, -33.397361502401182 ], [ -68.792201068554704, -33.398060222369246 ], [ -68.793585064285395, -33.398294978706012 ], [ -68.794622847508947, -33.398529141932883 ], [ -68.795938591040979, -33.398356959312927 ], [ -68.79711561223526, -33.398300839731618 ], [ -68.797323957600781, -33.398010687366188 ], [ -68.799401665631535, -33.397607377538925 ], [ -68.800095059927969, -33.397143642121776 ], [ -68.800441659608992, -33.39694083345627 ], [ -68.800788206289425, -33.396738054316849 ], [ -68.801896645603321, -33.396391283927365 ], [ -68.802727559393375, -33.396276401479433 ], [ -68.803468600332508, -33.394683061313501 ], [ -68.812943000480075, -33.40176100023892 ], [ -68.815346000153298, -33.409140999553763 ] ] ] } }
]
}
